key,Sentence,checked
0,"మంచు విష్ణు గతంలో దేనికైనా రెడీ సినిమాలో కనిపించినట్టుగానే ఈ సినిమాలోనూ కనిపించాడు.
",2
1,"దాదాపుగా అదే తరహా లుక్‌, క్యారెక్టరైజేషన్‌తో ఆకట్టుకునే ప్రయత్నం  చేశాడు.
",1
2,"తన పరిథి మేరకు కృష్ణమాచారి పాత్రకు న్యాయం చేశాడు.
",1
3,"ముఖ్యంగా యాక్షన్‌ సీన్స్‌లో మంచు విష్ణు పర్ఫామెన్స్‌ ఆకట్టుకుంటుంది.
",1
4,"సీనియర్‌ నటుడు బ్రహ్మానందం తనకు అలవాటైన పాత్రలో మెప్పించారు.
",1
5,"బ్రాహ్మాణుడి పాత్రలు చేయటం బ్రహ్మీకి కొట్టిన పిండి.
",0
6,"కానీ బ్రహ్మీని పూర్తి స్థాయిలో వాడుకునే సన్నివేశాలు సినిమాలో పెద్దగా కనిపించవు.
",0
7,"పెర్ఫార్మెన్స్ పరంగా చూస్తే కృష్ణమాచారిగా మంచు విష్ణు పర్ఫెక్టుగా నటించారు.
",0
8,"తన పాత్రకు పూర్తి న్యాయం చేశారు.
",0
9,"హీరోయిన్ ప్రగ్యా జైస్వాల్‌‌ నటన పరంగా తనను తాను నిరూపించుకునే సీన్లు పడక పోయినా.
",0
10,"అందంతో మెప్పించింది.
",0
11,"అనూప్‌ సింగ్‌ థాకూర్‌ తెరమీద కనిపించింది కొద్ది సేపే అయినా.
",0
12,"ఉన్నంతలో మంచి విలనిజం పండించాడు.
",0
13,"హీరో ఫ్రెండ్స్‌ ప్రభాస్‌ శ్రీను, ప్రవీణ్‌లు నవ్వించే ప్రయత్నం చేశారు.
",0
14,"ఇతర పాత్రల్లో కోటా శ్రీనివాసరావు.
",0
15,"ప్రదీప్ రావత్‌, రాజా రవీంద్ర తమ పాత్రలకు న్యాయం చేశారు.
",0
16,"విశ్లేషణ .
",0
17,"మంచు విష్ణుతో హ్యాట్రిక్‌ సక్సెస్‌ కోసం ప్రయత్నించిన జీ.
",0
18,"నాగేశ్వరరెడ్డి పెద్దగా ప్రయోగాల జోలికి వెళ్లకుండా సేఫ్‌ గేమ్‌ ఆడాడు.
",0
19,"గతంలో మంచు విష్ణుకు ఘనవిజయాన్ని అందించిన దేనికైనా రెడీ తరహాలోనే కామెడీ ఎంటర్‌టైనర్‌తో ప్రేక్షకుల ముందుకు వచ్చాడు.
",0
20,"అయితే పెద్దగా కొత‍్తదనం లేని కథా కథనాలు ఎంచుకున్న దర్శకుడు.
",0
21,"ప్రేక్షకుల సహనాన్ని పరీక్షించాడు.
",0
22,"కామెడీ ఎంటర్‌టైనర్‌గా ప్రమోట్‌ చేసినా.
",0
23,"సినిమాలో ఆ స్థాయి కామెడీ ఎక్కడా కనిపించకపోవటం నిరాశపరుస్తుంది.
",0
24,"సినిమాటోగ్రఫి బాగుంది.
",0
25,"అమెరికా లోకేషన్లతో పాటు పాటలు విజువల్‌గా బాగున్నాయి.
",0
26,"తమన్ అందించిన సంగీతం పరవాలేదు.
",0
27,"ఎడిటింగ్‌, నిర్మాణ విలువలు సినిమా స్థాయికి తగ్గట్టుగా ఉన్నాయి.
",0
28,"క్షణం సినిమాతో నటుడిగానే కాక రచయితగా కూడా సూపర్ హిట్ అందుకున్న అడివి శేష్ మరోసారి తన కథా కథనాలతో ప్రేక్షకుల ముందుకు వచ్చాడు.
",0
29,"ఈ సారి హాలీవుడ్ బాండ్ సినిమాలను తలపించే గూఢచారి కథతో ఆకట్టుకునే ప్రయత్నం చేశాడు.
",0
30,"తానే లీడ్‌ రోల్‌లో నటించిన ఈ సినిమాను అభిషేక్‌ పిక్చర్స్‌, పీపుల్స్‌ మీడియా ఫ్యాక్టరీలు సంయుక్తంగా నిర్మించాయి.
",0
31,"శశి కిరణ్ తిక్క దర్శకుడు.
",0
32,"ఈ రోజు ప్రేక్షకుల ముందుకు వచ్చిన ఈ సినిమా ప్రేక్షకులను ఏమేరకు ఆకట్టుకుంది.
",0
33,"? రచయితగా అడివి శేష్‌ మరోసారి విజయం సాధించాడా.
",0
34,"భారతదేశ రక్షణ కోసం ప్రభుత్వం ఏర్పాటు చేసిన త్రినేత్ర సంస్థ కోసం పాల్గొన్న ఒక ఆపరేషన్ లో గోపి(అడవి శేష్) తండ్రి రఘువీర్ చనిపోతాడు.
",0
35,"శత్రువుకు ఉనికి తెలియకుండా ఉండటం కోసం త్రినేత్రలోనే పనిచేసిన అతని మావయ్య సత్య(ప్రకాష్ రాజ్) గోపిని ఢిల్లీకి తీసుకెళ్లిపోతాడు.
",0
36,"అక్కడ మేనల్లుడి పేరుని  అర్జున్ గా మార్చేస్తాడు.
",0
37,"రాలో చేరాలన్న తన లక్ష్యం త్రినేత్ర హెడ్ దామోదర్(అనీష్ కురువిల్లా) సహాయంతో నెరవేర్చుకుంటాడు అర్జున్.
",0
38,"అక్కడ కాంబాట్ ట్రైనింగ్ హెడ్ నదియా ఖురేషి(సుప్రియ)ఆధ్వర్యంలో లీనా(మధుశాలిని)తో పాటు మరో నలుగురితో కలిసి శిక్షణ తీసుకుంటాడు.
",0
39,"ఆ క్రమంలోనే తన పక్క ప్లాట్ లో ఉండే సైకియాట్రీస్ట్ సమీరా(శోభిత ధూళిపాళ) ప్రేమలో పడతాడు.
",0
40,"అనూహ్యంగా జరిగిన సంఘటనల వల్ల చారి, దామోదర్ హత్యకు గురైతే ఆ అభియోగం అర్జున్ మీద పడుతుంది.
",0
41,"దీంతో అర్జున్ అక్కడి నుంచి తప్పించుకుని అజ్ఞాతంలోకి వెళ్ళిపోతాడు.
",0
42,"దీని వెనుక ఉన్న రానా(జగపతిబాబు) కోసం వేట మొదలుపెడతాడు.
",0
43,"తన నిర్దోషిత్వాన్ని రుజువు చేసుకోవాల్సిన బాధ్యత కూడా ఉంటుంది.
",0
44,"మరి గూఢచారి ఈ పద్మవ్యూహం నుంచి ఎలా బయటపడ్డాడు అనేదే స్టోరీ.
",0
45,"నటీనటుల.
",0
46,"బాండ్‌ తరహా కథ కావటంతో సినిమా అంతా అడివి శేష్ పాత్ర చుట్టూనే తిరుగుతుంది.
",0
47,"ఇండియన్‌ బాండ్‌లా అడవి శేష్‌ యాక్షన్, రొమాన్స్‌, కామెడీ, ఎమోషన్స్‌ ఇలా అన్ని వేరియేషన్స్‌ను చాలా బాగా పలికించాడు.
",0
48,"సినిమాలో జగపతి బాబు ఎంట్రీ ఆడియన్స్‌ కు షాక్‌ ఇస్తుంది.
",0
49,"మరోసారి ప్రతినాయక పాత్రలో జగపతి బాబు మెప్పించాడు.
",0
50,"కరుడుగట్టిన తీవ్రవాదిగా ఆయన నటన, లుక్స్‌ సినిమాకు ప్లస్‌ అయ్యాయి.
",0
51,"అక్కినేని వారసురాలు సుప్రియ రీ ఎంట్రీకి పర్ఫెక్ట్ క్యారెక్టర్‌ను ఎంచుకున్నారు.
",0
52,"త్రినేత్ర టీం ఆఫీసర్‌ పాత్రలో ఆమె నటన సూపర్బ్‌.
",0
53,"నెగెటివ్‌ షేడ్స్‌ ను కూడా చాలా బాగా చూపించారు.
",0
54,"తొలిసారిగా తెలుగు తెరకు పరిచయం అయిన శోభితా దూళిపాలకు మంచి పాత్ర దక్కింది.
",0
55,"ఆమె.
",0
56,"గ్లామర్‌ షోతో పాటు నటిగానూ ఆకట్టుకునే ప్రయత్నం చేశారు.
",0
57,"మరో కీలక పాత్రలో వెన్నెల కిశోర్ ఆకట్టుకున్నాడు.
",0
58,"తాను సీరియస్‌గా ఉంటూనే కామెడీ పండించాడు.
",0
59,"ఇతర పాత్రల్లో ప్రకాష్‌ రాజ్‌, మధుశాలిని, అనీష్ కురివిల్లా తదితరులు తమ పరిది మేరకు ఆకట్టుకున్నారు.
",0
60,"ప్లస్‌ పాయింట్స్.
",0
61,"కథా కథన.
",0
62,"లీడ్‌ యాక్టర్స్ నట.
",0
63,"సినిమాటోగ్రఫ.
",0
64,"నేపథ్య సంగీతం.
",0
65,"మైనస్‌ పాయింట్స్.
",0
66,"లవ్ సీన్స్‌.
",0
67,"విశ్లేష.
",0
68,"ఈ జనరేషన్‌కు బాండ్ తరహా చిత్రాలు పెద్దగా పరిచయం లేదనే చెప్పాలి.
",0
69,"ఎన్నో చిక్కుముడులతో తయారు చేసుకున్న బాండ్‌ కథను ఏమాత్రం కన్ఫ్యూజన్‌ లేకుండా వెండితెర మీద ఆవిష్కరించటంలో దర్శకుడు శశి కిరణ్ విజయం సాధించాడు.
",0
70,"ముఖ్యంగా సినిమాలో ప్రతీ పాత్ర ఓ సర్‌ప్రైజ్‌ ఇచ్చేలా ప్లాన్ చేసిన స్క్రీన్‌ప్లే సినిమాకు హాలీవుడ్ స్థాయిని తీసుకువచ్చింది.
",0
71,"ఫస్ట్ హాఫ్‌లో వచ్చే రొమాంటిక్ సీన్స్‌ కాస్త బోరింగ్ గా అనిపించినా.
",0
72,"సెకండ్‌ హాఫ్‌లో ఆ సీన్స్‌కు ఉన్న కనెక్షన్‌ చూసిన తరువాత లవ్‌ సీన్స్‌ కూడా ఓకె అనిపిస్తాయి.
",0
73,"అండర్‌ కవర్‌ ఆపరేషన్‌ ఎలా నిర్వహిస్తారు, వారి సెలక్షన్‌ ఎలా జరుగుతుంది, ఎలా ట్రైన్‌ చేస్తారు లాంటి అంశాలు ఆసక్తికరంగా తెరకెక్కించారు.
",0
74,"సినిమాకు మేజర్‌ ప్లస్‌ పాయింట్స్‌ సినిమాటోగ్రఫి, బ్యాక్‌ గ్రౌండ్ స్కోర్‌.
",0
75,"ఇన్వెస్టిగేషన్‌ థ్రిల్లర్‌కు కావాల్సిన ఇంటెన్సిటీని తీసుకురావటంలో కెమెరామెన్‌ శానెల్‌ డియో, సంగీత దర్శకుడు శ్రీ చరణ్ పాకల విజయం సాధించారు.
",0
76,"అబ్బూరి రవి రాసిన మాటలు బుల్లెట్లలా పేలాయి.
",0
77,"ఎడిటింగ్, ఆర్ట్‌ ఇలా అన్నీ కలిసి సినిమాను విజయం వైపు నడిపించాయి.
",0
78,"నిర్మాణ విలువలు సినిమాకు మరో ఎసెట్‌.
",0
79,"ప్లస్‌ పాయింట్స్.
",0
80,"మూల క.
",0
81,"కొన్ని కామెడీ సీన్స్‌.
",0
82,"మైనస్‌ పాయింట్స్.
",0
83,"స్లో నేరేషన్.
",0
84,"ఆశించిన స్థాయిలో వినోదం లేకపోవటం.
",0
85,"సీనియర్‌ ఫైట్‌ మాస్టర్‌ విజయ్‌ ఎన్నేళ్ల నుంచో సినీ ఇండస్ట్రీలో సక్సెస్‌ఫుల్‌గా కొనసాగుతున్నారు.
",0
86,"అగ్రహీరోలందరితో పనిచేసి మంచి గుర్తింపును తెచ్చుకున్నారు.
",0
87,"విజయ్‌ కుమారుడు రాహుల్‌ విజయ్‌ ‘ఈ మాయ పేరేమిటో’ చిత్రంతో టాలీవుడ్‌కు పరిచయం అవుతున్న సంగతి తెలిసిందే.
",0
88,"ఎన్టీఆర్‌, నాగ చైతన్య, సుకుమార్‌ లాంటి సెలబ్రెటీలను ముఖ్య అతిథులుగా పిలిచి సినిమాపై హైప్‌ క్రియేట్‌ చేశారు.
",0
89,"అంతేకాకుండా ఈ చిత్రాన్ని నిర్మించింది కూడా విజయ్‌ కూతురు దివ్యా విజయ్‌.
",0
90,"ఈ శుక్రవారం (సెప్టెంబర్‌ 21) ఈ ‘మాయ పేరేమిటో’ ప్రేక్షకుల ముందుకు వచ్చింది.
",0
91,"మరి ఈ మొదటి సినిమా అటు హీరోగా రాహుల్‌ విజయ్‌ను, ఇటు నిర్మాతగా దివ్యా విజయ్‌ను నిలబెట్టిందా? వీరి ప్రయత్నం ప్రేక్షకులను ఏ మేరకు మెప్పించింది? సినిమా కథేంటో ఓసారి చూద్దాం.
",0
92,"బాబురావు (రాజేంద్రప్రసాద్‌) కొడుకు పేరు చందు (రాహుల్‌ విజయ్‌).
",0
93,"చందు అల్లరి చిల్లరగా తిరుగుతూ పనీపాటా లేకుండా ఉంటాడు.
",0
94,"తన కొడుకు ఎలా ఉన్నా సరే తనకిష్టమనీ చెబుతుంటాడు బాబురావు.
",0
95,"మురళీ శర్మ కూతురు శీతల్‌ జైన్‌ (కావ్యా థాపర్‌).
",0
96,"చిన్నప్పటి నుంచీ అల్లారుముద్దుగా పెంచుకున్న మురళీ శర్మ.
",0
97,"తన కూతురికి మంచి అబ్బాయి(ఐఏఎస్‌, ఐపీఎస్‌, డాక్టర్‌, సైంటిస్ట్‌, సీఎ)తో పెళ్లి చేయాలనుకుంటాడు.
",0
98,"శీతల్‌కు మనుషులు ఎప్పుడూ ఒకేలా ఉండాలి మారకూడదని అనుకుంటుంది.
",0
99,"చందు మంచితనం తెలుసుకుని, చందు జీవితంలో ఎదగాలనుకోవడం లేదు.
",0
100,"బతకాలనుకుంటున్నాడని అతడిని లవ్‌ చేస్తుంది.
",0
101,"ఈ విషయం తెలుసుకున్న మురళీ శర్మ… చందుని పిలిచి మాట్లాడతాడు.
",0
102,"ప్రేమించుకోవడానికి ఏం లేకపోయినా సరిపోతుందని.
",0
103,"పెళ్లి చేసుకోవడానికి మాత్రం అలా కుదరదని.
",0
104,"తన కూతురిని బాగా చూసుకుంటాడని నమ్మకం కలిగేస్తేనే ఒప్పుకుంటానని మురళీ శర్మ చెబుతాడు.
",0
105,"మురళీ శర్మ చెప్పినట్టు మారిపోయే క్రమంలో.
",0
106,"చందు ప్రవర్తనలో వచ్చిన మార్పు కారణంగా శీతల్‌ చందుల మధ్య దూరం పెరిగిపోతుంది.
",0
107,"తను చెప్పినట్టు మారినా మురళీ శర్మ పెళ్లికి ఎందుకు ఒప్పుకోలేదు? చివరకు మురళీ శర్మ ఏం చేశాడు? ప్రేమించుకున్న చందు, శీతల్‌ ఒక్కటయ్యారా? అన్నది తెరపై చూడాల్సిందే.
",0
108,"నటీనటులు.
",0
109,"హీరోగా రాహుల్‌ విజయ్‌ బాగానే నటించాడు, తన వయసుకు తగ్గట్గు ఎంచుకున్న కథకు న్యాయం చేశాడు.
",0
110,"రాహుల్‌ లవర్‌ బాయ్‌లా కనిపిస్తూ:.
",0
111,"యాక్షన్‌ సన్నివేశాల్లో కూడా ఫర్వాలేదనిపించాడు.
",0
112,"హీరోయిన్‌ కావ్యా థాపర్‌ లుక్స్‌ పరంగానే కాకుండా తన నటనతో ప్రేక్షకులను మెప్పించే ప్రయత్నం చేసింది.
",0
113,"కథలో కీలకపాత్రధారులైన రాజేంద్రప్రసాద్‌, ఈశ్వరీరావు, మురళీ శర్మ తమ నటనతో మళ్లీ ప్రేక్షకులను ఆకట్టుకున్నారు.
",0
114,"మిగతా పాత్రల్లో పోసాని కృష్ణమురళీ, హీరో స్నేహితులు తమ పరిధి మేరకు నటించారు.
",0
115,"మైనస్‌ పాయింట్స్‌.
",0
116,"కథలో కొత్తదనం లేకపోవడం.
",0
117,"విశ్లేషణ.
",0
118,"రాహుల్‌ విజయ్‌ తన మొదటి సినిమాగా ఎలాంటి ప్రయోగాల జోలికి వెళ్లకుండా… సింపుల్‌ కథలో రిస్క్‌ లేకుండా కానిచ్చేశాడు.
",0
119,"ఒక అల్లారు ముద్దుగా పెంచుకున్న కూతురి జీవితం కోసం పరితపించే తండ్రి.
",0
120,"తన కూతురి కోసం మంచి అబ్బాయి వెతకాలనుకోవడం.
",0
121,"కానీ ఆ కూతురేమో పనీపాటా లేని గాలికి తిరిగేవాడ్ని ప్రేమించడం.
",0
122,"ఆ తండ్రి మారాలంటూ కండిషన్లు పెట్టడం… హీరో బాధ్యత తెలుసుకుని మెలగడం.
",0
123,"చివరకు కథ సుఖాంతం కావడం ఇలాంటివి తెలుగు తెరపై చూసిన ఫార్ములానే.
",0
124,"ఏ సినిమాలోనైనా.
",0
125,"హీరోయిన్‌ అతి మంచితనం చూసి హీరో వెంటపడుతుంటాడు.
",0
126,"కానీ ఈ సినిమాలో మాత్రం రివర్స్‌.
",0
127,"హీరో మంచితనం, ప్రవర్తన చూసి ప్రేమలో పడుతుంది హీరోయిన్‌.
",0
128,"ప్రేమలో పడటానికి క్రియేట్‌ చేసిన సన్నివేశాలు, కారణాలు కూడా అంత బలమైనవేమీ కాదు.
",0
129,"కొత్త కథాకథనాలు లేకపోయినా.
",0
130,"ఓ రెండు గంటలు బోర్‌ కొట్టించకుండా తెరకెక్కించడంలో రాము కొప్పుల సక్సెస్‌ అయినట్టు కనిపిస్తోంది.
",0
131,"తన సంగీతం, నేపథ్య సంగీతంతో మణిశర్మ మళ్లీ నిరూపించుకున్నాడు.
",0
132,"ఈ సినిమాకు శ్యామ్‌ కే నాయుడు కెమెరా పనితనం కలిసొస్తుంది.
",0
133,"ఎడిటింగ్‌, నిర్మాణ విలువలు కూడా ఫర్వాలేదనిపిస్తాయి.
",0
134,"ప్లస్‌ పాయింట్స్‌.
",0
135,"బెల్లంకొం‍డ శ్రీనివాస్‌ యాక్షన్.
",0
136,"సినిమాటోగ్రఫ.
",0
137,"నేపథ్య సంగీతం.
",0
138,"మైనస్‌ పాయింట్స్‌.
",0
139,"కథనం మధ్యలో ఇబ్బంది పెట్టే పాటలు.
",0
140,"అప్పట్లో ఒకడుండేవాడు, మెంటల్ మదిలో లాంటి సినిమాలతో నటుడిగా మంచి గుర్తింపు తెచ్చుకున్న శ్రీ విష్ణు.
",0
141,"లీడ్‌ రోల్‌ లో తెరకెక్కిన తాజా చిత్రం నీదీ నాదీ ఒకే కథ.
",0
142,"మధ్య తరగతి కుటుంబాల్లో ఉండే సమస్యల నేపథ్యంలో తెరకెక్కిన ఈ సినిమాలో చదువులు, ర్యాంకుల కోసం పరుగులు, పరువు ప్రతిష్టల కోసం తల్లిదండ్రులు పిల్లలను పెట్టే ఇబ్బందులు ప్రధానంగా ప్రస్థావించారు.
",0
143,"ఎమోషనల్‌ డ్రామాగా తెరకెక్కిన ఈ సినిమా శ్రీ విష్ణుకు మరో విజయాన్ని అందించిందా.
",0
144,"రుద్రరాజు దేవీ ప్రసాద్‌ (దేవీ ప్రసాద్‌) ప్రొఫెసర్‌.
",0
145,"ఉ‍న్నత మైన చదువు చదుకొని సమాజంలో పరువు ప్రతిష్ట ఉన్న మధ్య తరగతి తండ్రి.
",0
146,"తన కొడుకు జీవితంలో మంచి స్థాయిలో సెటిల్‌ అవ్వాలని తపన పడే తండ్రి.
",0
147,"సాగర్‌ (శ్రీ విష్ణు) డిగ్రీ మూడు సార్లు ఫెయిల్‌ అయ్యి తన చెల్లెలితో కలిసి మళ్లీ ఎగ్జామ్స్‌ రాసే కుర్రాడు.
",0
148,"జీవితం మీద, భవిష్యత్తు మీద క్లారిటీ లేకుండా టైం పాస్‌ చేసేస్తుంటాడు.
",0
149,"కానీ తండ్రి బాధ తెలుసుకున్న సాగర్‌ ఎలాగైనా తండ్రి కోరుకున్నట్టుగా మారాలని ప్రయత్నిస్తాడు.
",0
150,"అందుకోసం ధార్మిక (సాట్నా టిటస్) సాయం తీసుకుంటాడు.
",0
151,"కానీ ఈ ప్రయత్నాల్లో తనని తాను కోల్పోవడం ఇష్టం లేక.
",0
152,"తండ్రి ఆశించినట్టుగా మారలేక నలిగిపోతుంటాడు.
",0
153,"చివరకు సాగర్‌.
",0
154,"తండ్రి కోరుకున్నట్టుగా మారాడా.
",0
155,"? లేక తనలాగే తాను ఉండిపోయాడా.
",0
156,"? అన్నదే మిగతా కథ.
",0
157,"సినిమా అంతా తండ్రీ కొడుకుల మధ్యే నడిచే కథ కావటంలో ప్రధానం గా రెండు పాత్రలే తెరమీదే కనిపిస్తుంటాయి.
",0
158,"జీవితంలో ఏది సాధించలేననే నిరుత్సాహంలో బతికే కుర్రాడిగా శ్రీవిష్ణు అద్భుతంగా నటించాడు.
",0
159,"తన కొడుకు జీవితంలో ఉన్నతంగా సెటిల్ అవ్వాలన్న తండ్రి కోరిక నేరవేర్చలేక.
",0
160,"తనని తాను కోల్పోలేక సతమతమ్యే పాత్రలో మంచి భావోద్వేగాలను పండించాడు.
",0
161,"తొలిసారిగా తెరపైన కనిపించిన దర్శకుడు దేవీ ప్రసాద్‌.
",0
162,"నటుడిగానూ మంచి మార్కులు సాధించాడు.
",0
163,"మధ్య తరగతి మనుషుల మనస్థత్వాలకు, ఆలోచనలకు, ఆశలకు ప్రతిరూపంగా నటించి మెప్పించారు.
",0
164,"బిచ్చగాడు సినిమాతో తెలుగు ప్రేక్షకులకు పరిచయం అయిన సాట్నా టిటస్‌కు ఈ సినిమాలో కూడా నటనకు ఆస్కారమున్న పాత్రే దక్కింది.
",0
165,"ఫస్ట్ హాఫ్‌లో నవ్వించే ప్రయత్నం చేసిన సాట్నా.
",0
166,"ద్వితీయార్థంలో వచ్చే ఎమోషనల్‌ సీన్స్‌లో మంచి నటన కనబరిచింది.
",0
167,"విశ్లేషణ .
",0
168,"మధ్య తరగతి కుటుంబాల్లో ప్రతీ ఇంట్లోను ఉండే సమస్యలనే కథా వస్తువుగా తీసుకున్న దర్శకుడు వేణు ఊడుగుల తొలి ప్రయత్నంలోనే మంచి విజయం సాధించాడు.
",0
169,"ప్రతీ ప్రేక్షకుడు ఏదో ఒక సన్నివేశంలో ఇది నా కథే అనిపించేలా ఉంది కథనం.
",0
170,"ప్రస్తుత సమాజంలో అందరు మనుషులు ముసుగులు వేసుకునే బతుకున్నారన్న అంశాన్ని మనసుకు హత్తుకునేలా ప్రజెంట్‌ చేశాడు.
",0
171,"పోటీ ప్రపంచంలో ర్యాంకుల కోసం, పరువు ప్రతిష్టల కోసం తల్లిదండ్రులు పిల్లలను ఎంత ఒత్తిడికి గురి చేస్తున్నారు.
",0
172,"ఆ ఒత్తిడి వల్ల పిల్లలు ఎంత మానసిక క్షోభ అనుభవిస్తున్నారన్న అంశాలను బలమైన ఎమోషనల్‌ సీన్స్‌తో తెర మీద ఆవిష్కరించాడు.
",0
173,"సంగీతం కూడా సినిమాకు తగ్గట్టుగా కుదిరింది.
",0
174,"ఎక్కడ కమర్షియల్ లెక్కల కోసం పాటలను ఇరికించకుండా ప్రతీ పాట కథలో భాగంగా వచ్చిపోతుంటాయి.
",0
175,"సినిమాకు మరో ప్రధానబలం నేపథ్య సంగీతం.
",0
176,"సంగీత దర్శకుడు సురేష్‌ బొబ్బిలి తన నేపథ్య సంగీతంతో కథలోని భావోద్వేగాలను మరింతగా ఎలివేట్ చేశాడు.
",0
177,"బొంతల నాగేశ్వర రెడ్డి ఎడిటింగ్‌ బాగుంది.
",0
178,"సినిమాటోగ్రఫి, నిర్మాణ విలువలు సినిమా స్థాయికి తగ్గట్టుగా ఉన్నాయి.
",0
179,"ప్లస్ పాయింట్స్ .
",0
180,"కథా కథన.
",0
181,"శ్రీ విష్ణు నట.
",0
182,"సంగీతం.
",0
183,"మైనస్ పాయింట్స్ .
",0
184,"సెకండ్‌ హాఫ్‌లో కొన్ని సీన్స్‌.
",0
185,"టైటిల్ : అమర్‌ అక్బర్‌ ఆంటొన.
",0
186,"జానర్ : యాక్షన్ డ్రామ.
",0
187,"తారాగణం : రవితేజ, ఇలియానా, తరుణ్‌ అరోరా, షాయాజీ షిండే, విక్రమ్‌జిత్ విర్క్‌, సునీల్.
",0
188,"సంగీతం : ఎస్‌.
",0
189,"తమన్.
",0
190,"దర్శకత్వం : శ్రీను వైట్.
",0
191,"నిర్మాత : నవీన్‌ ఎర్నేని, వై.
",0
192,"రవి శంకర్‌, మోహన్‌ చెరుకూరి.
",0
193,"రాజా ది గ్రేట్‌ సినిమా తరువాత మంచి సక్సెస్‌ కోసం ఎదురుచూస్తున్న రవితేజ, చాలా కాలంగా సక్సెస్‌ లేక కష్టాల్లో ఉన్న శ్రీను వైట్ల కాంబినేషన్‌లో తెరకెక్కిన సినిమా అమర్‌ అక్బర్ ఆంటొని.
",0
194,"ఈ సినిమాతో చాలా కాలం తరువాత గోవా బ్యూటి ఇలియానా టాలీవుడ్‌కు రీఎంట్రీ ఇస్తోంది.
",0
195,"మంచి హైప్‌ క్రియేట్ చేసిన ఈ సినిమాపై హీరో, హీరోయిన్‌, దర్శకుడు చాలా ఆశలు పెట్టుకున్నారు.
",0
196,"మరి అమర్‌ అక్బర్‌ ఆంటొని.
",0
197,"ఆ అంచనాలను అందుకుందా.
",0
198,"? రవితేజ, శ్రీను వైట్ల కాంబినేషన్‌ మరోసారి మ్యాజిక్‌ రిపీట్ చేసిందా.
",0
199,"? ఇలియానా రీ ఎంట్రీలో ఎంత మేరకు ఆకట్టుకుంది.
",0
200,"?.
",0
201,"కథ .
",0
202,"ఆనంద్‌ ప్రసాద్‌, సంజయ్‌ మిత్రా ఇద్దరు ప్రాణ స్నేహితులు.
",0
203,"న్యూయార్క్‌లో ఫిడో ఫార్మా పేరుతో  కంపెనీని స్థాపించి మిలియనీర్స్‌గా ఎదుగుతారు.
",0
204,"ఆనంద్‌ ప్రసాద్‌ తన కొడుకు అమర్‌ (రవితేజ)ను, సంజయ్‌ మిత్రా కూతురు ఐశ్వర్య (ఇలియానా)కు ఇచ్చి పెళ్లి చేయాలనుకుంటాడు.
",0
205,"తన కంపెనీలో ఉద్యోగస్తులుగా ఉన్న అరోరా(తరుణ్‌ అరోరా), సబూ మీనన్‌ (ఆదిత్య మీనన్‌), విక్రమ్‌ తల్వార్‌ (విక్రమ్‌జీత్‌) , రాజ్‌ వీర్‌ల నిజస్వరూపం తెలియని ఆనంద్‌, సంజయ్‌లు కంపెనీలో 20 శాతం షేర్స్‌ ఇచ్చి వారిని భాగస్వాములుగా చేసుకుంటారు.
",0
206,"పార్టనర్స్‌ అయిన వెంటనే ఆనంద్‌ ప్రసాద్‌, సంజయ్‌ మిత్రాల కుటుంబాలను పూర్తిగా అంతం చేయడానికి ప్లాన్ చేస్తారు ఆ నలుగురు.
",0
207,"కానీ వారి కుటుంబానికి  నమ్మకస్తుడైన జలాల్‌ అక్బర్‌(షాయాజీ షిండే) సాయంతో అమర్‌, ఐశ్వర్యలు తప్పించుకుంటారు.
",0
208,"తప్పించుకున్న అమర్‌ 14 ఏళ్ల తరువాత తిరిగి వచ్చి ఎలా పగ తీర్చుకున్నాడు.
",0
209,"? తల్లిదండ్రులు చనిపోయిన తరువాత అమర్‌, ఐశ్వర్యల జీవితం ఎలాంటి మలుపులు తిరిగింది.
",0
210,"? ఈ కథలో అక్బర్‌, ఆంటొనిలు ఎవరు.
",0
211,"? అన్నదే మిగతా కథ.
",0
212,"రవితేజ మరోసారి ఎనర్జిటిక్ పర్ఫామెన్స్‌తో ఆకట్టుకున్నాడు.
",0
213,"ముఖ్యంగా అమర్‌ పాత్రలో రవితేజ ఒదిగిపోయిన తీరు ఆకట్టుకుంటుంది.
",0
214,"అక్బర్‌, ఆంటొనీల పాత్రల్లో కామెడీ కొంతమేరకు వర్క్‌ అవుట్‌ అయినా సహజంగా అనిపించదు.
",0
215,"చాలా కాలం తరువాత తెలుగు తెర మీద కనిపించిన ఇలియాన నటన అలరిస్తుంది.
",0
216,"కాస్త బొద్దుగా కనిపించినా పర్ఫామెన్స్‌తో పాటు గ్లామర్‌తోనూ మెప్పిస్తుంది.
",0
217,"తరుణ్ అరోరా, ఆదిత్య మీనన్‌, విక్రమ్‌జీత్‌ విర్క్‌ స్టైలిష్‌ విలన్లుగా కనిపించారు.
",0
218,"విలక్షణ నటుడు షాయాజీ షిండేకు చాలా రోజుల తరువాత ఓ మంచి పాత్ర దక్కింది.
",0
219,"జలాల్‌ అక్బర్ పాత్రలో ఆయన నటన బాగుంది.
",0
220,"ఇక తెలుగులో టాప్‌ కామెడియన్స్‌గా కొనసాగుతున్న వెన్నెల కిశోర్‌, శ్రీనివాస్‌ రెడ్డిలతో పాటు తిరిగి కామెడీ పాత్రలు చేస్తున్న సునీల్‌లు కొంత మేరకు నవ్వించే ప్రయత్నం చేశారు.
",0
221,"సత్య, రఘుబాబు, గిరి, అభిమన్యు సింగ్‌, జయప్రకాష్‌ రెడ్డి అందరూ తమ పాత్రలకు పూర్తి న్యాయం చేశారు.
",0
222,"ప్లస్‌ పాయింట్స్‌ - రవితేజ నట, ప్రొడక్షన్‌ వాల్యూస్‌.
",0
223,"మైనస్‌ పాయింట్స్‌ - పాత క ఫోర్స్‌డ్‌ కామెడ, స్క్రీన్‌ ప్లే.
",0
224,"చాలా రోజులుగా సరైన సక్సెస్‌ లేక ఇబ్బందుల్లో ఉన్న దర్శకుడు శ్రీను వైట్ల ఓ భారీ సినిమాతో ప్రేక్షకుల ముందుకు రావటంతో ఈ సినిమాపై అంచనాలు కూడా అదే స్థాయిలో ఏర్పాడ్డాయి.
",0
225,"అయితే ఆ అంచనాలు శ్రీను వైట్ల ఏ మాత్రం అందుకోలేకపోయాడు.
",0
226,"ఓ మామూలు రివేంజ్‌ డ్రామా కథకు న్యూయార్క్‌ బ్యాక్‌ డ్రాప్‌ తీసుకొని దర్శకుడు తయారు చేసుకున్న కథనం ఆసక్తికరంగా అనిపించదు.
",0
227,"అక్కడక్కడా కామెడీ పరవాలేదనిపించినా పూర్తిస్థాయిలో ఆకట్టుకునేలా లేదు.
",0
228,"తెర నిండా కమెడియన్లు కనిపిస్తున్నా చాలా సన్నివేశంలో కామెడీ కావాలని ఇరికించారన్న భావన కలుగుతుంది.
",0
229,"తమన్‌ అందించిన పాటలు పరవాలేదనిపించినా నేపథ్య సంగీతం బాగుంది.
",0
230,"సినిమాకు మేజర్ ప్లస్‌ పాయింట్‌ సినిమాటోగ్రఫి.
",0
231,"ప్రతీ ఫ్రేమ్‌ కలర్‌ఫుల్‌గా, అందంగా, లావిష్‌గా కనిపిస్తుంది.
",0
232,"ఎడిటింగ్‌ సినిమా స్థాయికి తగ్గట్టుగా ఉంది.
",0
233,"నిర్మాతలు ఖర్చుకు వెనకాడుకుండా సినిమాను రిచ్‌గా తెరకెక్కించారు.
",0
234,"వరుస ఫ్లాప్‌లతో ఇబ్బందుల్లో ఉన్న యంగ్ హీరో అల్లరి నరేష్‌, హీరోగా ఆశించిన స్థాయిలో ఆకట్టుకోలేక తిరిగి కమెడియన్‌గా టర్న్‌ అయిన సునీల్ ప్రధాన పాత్రల్లో తెరకెక్కిన కామెడీ ఎంటర్‌టైనర్‌ సిల్లీ ఫెలోస్‌.
",0
235,"రీమేక్‌ చిత్రాల స్పెషలిస్ట్ భీమినేని శ్రీనివాస రావు మరోసారి తమిళరీమేక్‌తో ప్రేక్షకులను ఆకట్టుకునే ప్రయత్నం చేశారు.
",0
236,"ఎంటర్‌టైన్మెంట్‌ గ్యారెంటీ అంటూ చిత్రయూనిట్ చాలా కాన్ఫిడెంట్‌గా చెప్పటంతో సినిమా మీద హైప్‌ క్రియేట్‌ అయ్యింది.
",0
237,"అల్లరి నరేష్‌, సునీల్ ల కెరీర్‌కు ఎంతో కీలకమైన సిల్లీ ఫెలోస్‌ ప్రేక్షకులను ఆకట్టుకుందా.
",0
238,"? అల్లరి నరేష్‌కు ఆశించిన విజయం దక్కిందా.
",0
239,"? తిరిగి కామెడీ టర్న్‌ తీసుకున్న సునీల్‌ ఆకట్టుకున్నాడా.
",0
240,"వీరబాబు (అల్లరి నరేష్‌), సూరి బాబు (సునీల్‌) సత్యనారాయణపురం ఎమ్మెల్యే జాకెట్ జానకీ రాం(జయప్రకాష్ రెడ్డి) అనుచరులు.
",0
241,"జాకెట్ ఇమేజ్‌ కాపాడటం కోసం వీరబాబు ఎలాంటి మోసం చేయడానికైనా రెడీ అవుతాడు.
",0
242,"అలా ఓ కార్యక్రమంలో జాకెట్‌ పరువు కాపాడటం కోసం సూరిబాబు, రికార్డింగ్‌ డ్యాన్సులు చేసే పుష్ప(బిగ్‌బాస్‌ ఫేం నందిని)లకి పెళ్లి చేస్తాడు.
",0
243,"అప్పటికే సూరిబాబుకు కృష్ణవేణి (పూర్ణ)తో పెళ్లి కుదరటంతో పుష్పను వదిలించుకునేందుకు ఎమ్మెల్యే జాకెట్‌ను ఆశ్రయించాలనుకుంటాడు.
",0
244,"అదే సమయంలో తను ప్రేమించిన వాసంతి (చిత్ర శుక్ల)  ఉద్యోగం కోసం వీరబాబు.
",0
245,"జాకెట్‌కు పది లక్షల రూపాయలు ఇస్తాడు.
",0
246,"ఈ రెండు సమస్యలు పరిష్కరించాల్సిన జాకెట్‌, మినిస్టర్‌ గోవర్థన్ ను పరామర్శించడానికి హాస్పిటల్‌కు వెళ్లి తిరిగి వచ్చే దారిలో ప్రమాదానికి గురై గతం మర్చిపోతాడు.
",0
247,"మినిస్టర్ చనిపోతూ 500 కోట్లకు సంబంధించిన రహాస్యాన్ని జాకెట్‌కు చెప్పటంతో భూతం(పోసాని కృష్ణమురళి) ఆ డబ్బు కోసం జాకెట్ వెంటపడతాడు.
",0
248,"మరి గతం మర్చిపోయిన జాకెట్‌ తిరిగి కోలుకున్నాడా.
",0
249,"? 500 కోట్లకు సంబంధించిన రహస్యాన్ని బయటపెట్టాడా? తమ సమస్యల నుంచి వీరబాబు, సూరి బాబలు ఎలా బయటపడ్డారు.
",0
250,"? అన్నదే మిగతా కథ.
",0
251,"కామెడీ స్టార్‌గా మంచి ఇమేజ్‌ ఉన్న నరేష్ మరోసారి తన ఇమేజ్‌కు తగ్గ కామెడీ ఎంటర్‌టైనర్‌తో పెద్దగా కొత్తదనం చూపించకుండా రొటీన్‌ ఫార్ములానే ఫాలో అయ్యాడు.
",0
252,"వీరబాబు పాత్రకు పూర్తి న్యాయం చేశాడు.
",0
253,"కమెడియన్‌గా సునీల్‌ తనదైన కామెడీ టైమింగ్‌తో ఆకట్టుకున్నాడు.
",0
254,"హీరోయిన్‌గా చిత్ర శుక్లా పరవాలేదనిపించారు.
",0
255,"వాసంతి పాత్రలో యాక్షన్‌ సీన్స్‌లోనూ ఆకట్టుకునే ప్రయత్నం చేశారు.
",0
256,"మరో కీలక పాత్రలో కనిపించిన బిగ్‌బాస్‌ ఫేం నందిని రాయ్‌ నిరాశపరిచారు.
",0
257,"జయ ప్రకాష్‌ రెడ్డి, పోసాని కృష్ణమురళి, రాజా రవీంద్ర రొటీన్‌ పాత్రల్లో కనిపించారు.
",0
258,"అతిథి పాత్రలో పూర్ణ తళుక్కున మెరిశారు.
",0
259,"ప్లస్‌ పాయింట్స్‌.
",0
260,"కామెడ.
",0
261,"నరేష్‌, సునీల్‌ నటన.
",0
262,"మైనస్‌ పాయింట్స్‌.
",0
263,"రొటీన్‌ కథా కథన.
",0
264,"సెకండ్‌ హాఫ్.
",0
265,"విశ్లేషణ.
",0
266,"సునీల్‌ హీరో వేషం పక్కనపెట్టి మళ్లీ తన కంఫర్ట్‌ జోన్‌లోకి వచ్చేసాడు.
",0
267,"రీమేక్‌ స్పెషలిస్ట్‌గా పేరున్న దర్శకుడు భీమినేని శ్రీనివాస్‌ రావు మరోసారి రీమేక్‌ కథతోనే ఆకట్టుకునే ప్రయత్నం చేశారు.
",0
268,"తమిళంలో విజయం సాధించిన ‘వెలైను వంధుట్ట వెల్లకారన్‌’ సినిమాను తెలుగు నేటివిటికి తగ్గట్టుగా కొద్దిపాటి మార్పులతో రీమేక్‌ చేశారు.
",0
269,"దీంతో మరోసారి రొటీన్‌ కామెడీ సినిమా చూస్తున్న ఫీలింగ్ కలుగుతుంది.
",0
270,"ఫస్ట్ హాఫ్‌ ప్రధాన పాత్రల పరిచయం, మంచి కామెడీ సీన్స్‌ తో ఆకట్టుకున్న దర్శకుడు ద్వితీయార్థంలో ఆ స్థాయిలో అలరించలేకపోయారు.
",0
271,"పెద్దగా కథ లేకపోవటంతో ఒకే సన్నివేశాన్ని సాగదీస్తూ టైం పాస్‌ చేశారు.
",0
272,"ముఖ్యంగా జయప్రకాష్‌ రెడ్డి, పోసాని కృష్ణమురళీల మధ్య సన్నివేశాలు ప్రేక్షకుల సహనాన్ని పరీక్షిస్తాయి.
",0
273,"హీరో హీరోయిన్‌ల మధ్య ప్రేమ సన్నివేశాల విషయంలోనూ ఇంకాస్త దృష్టి పెట్టాల్సింది.
",0
274,"శ్రీ వసంత్ సంగీతం బాగుంది.
",0
275,"సినిమాటోగ్రపి, ఎడిటింగ్‌, నిర్మాణ విలువలు సినిమా స్థాయికి తగ్గట్టుగా ఉన్నాయి.
",0
276,"పల్లెటూరి ప్రజల సమస్యలు అక్కడి రాజకీయ పరిస్థితులు, పగలు ప్రతీకారాలతో పాటు మనుషుల్లోని అమాయకత్వం, మంచితనాన్ని కూడా తెర మీద చాలా బాగా ఆవిష్కరించాడు సుకుమార్‌.
",0
277,"అయితే కమర్షియల్ ఎలిమెంట్స్ ఏ మాత్రం మిస్‌ అవ్వకుండా జాగ్రత్తపడ్డాడు.
",0
278,"కామెడీతో పాటు యాక్షన్‌, కాస్త రొమాన్స్‌, ఎమోషన్స్‌తో అన్ని వర్గాల ప్రేక్షకులను అలరించే సినిమాను తెరకెక్కించాడు.
",0
279,"అయితే తను అనుకున్న కథను సుదీర‍్ఘంగా చెప్పిన సుకుమార్‌ అక్కడక్కడా కాస్త విసిగిస్తాడు.
",0
280,"ఇక సినిమాకు మరో ప్రధాన బలం దేవీ శ్రీ ప్రసాద్‌ సంగీతం.
",0
281,"80ల నాటి కథకు తగ్గ బాణీలతో సినిమా రిలీజ్‌కు ముందు అంచనాలు పెంచేశాడు.
",0
282,"ప్రయోగాత్మకంగా తెరకెక్కిన సినిమాలోనూ ఏ మాత్రం కమర్షియల్ వాల్యూస్‌ తగ్గకుండా సూపర్బ్‌ సాంగ్స్‌ తో అలరించాడు.
",0
283,"నేపథ్య సంగీతంతోనూ ఆడియన్స్‌ ను ఫ్లాష్‌ బ్యాక్‌లోకి తీసుకెళ్లాడు దేవీ.
",0
284,"తన శైలికి పూర్తి భిన్నంగా ప్రయత్నించిన దేవీ శ్రీ ప్రసాద్‌ ఆకట్టుకున్నాడు.
",0
285,"రత్నవేలు సినిమాటోగ్రఫి సినిమా మూడ్‌ ను క్యారీ చేసింది.
",0
286,"కాస్ట్యూమ్స్ విషయంలో కూడా ఆనాటి పరిస్థితులకు తగ్గట్టుగా చూపించేందుకు చాలా జాగ్రత్తలు తీసుకున్నారు.
",0
287,"ఎడిటింగ్‌ విషయంలో ఇంకాస్త దృష్టి పెట్టాల్సింది.
",0
288,"నిర్మాణ విలువలు చాలా బాగున్నాయి.
",0
289,"1980ల నాటి కాలాన్ని తెర మీదకు ఆవిష్కరించేందుకు నిర్మాతలు ఖర్చుకు ఏమాత్రం వెనకాడలేదు.
",0
290,"ప్లస్‌ పాయింట్స్‌ - ఫ్యామిలీ ఎమోషన్స్ ,కొన్ని కామెడీ సీన్స్ ,హీరోయిన్‌ పాత్ర.
",0
291,"మైనస్‌ పాయింట్స్‌ - సంగీత ,స్క్రీన్‌ ప్లే.
",0
292,"దశాబ్దాలుగా వెండి తెర సూపర్‌స్టార్‌గా రజనీకాంత్ ప్రేక్షకులకు తనదైన శైలిలో వినోదాన్ని పంచుతూ మాస్ ఎంటర్‌టైన్‌మెంట్‌కు ఐకాన్‌గా మారారు, తమిళనాడుతో పాటు తెలుగు రాష్ట్రాల్లోనూ భారీ క్రేజ్‌ ఉంటుంది.
",0
293,"అయితే రోబో తరువాత రజనీ హీరోగా తెరకెక్కిన సినిమాలేవి ఆశించిన స్థాయిలో ఆకట్టుకోలేకపోయాయి.
",0
294,"పా రంజిత్‌ దర్శకత్వంలో తెరకెక్కిన కబాలి సినిమాకు భారీ హైప్‌ క్రియేట్‌ అవ్వటంతో కలెక్షన్లు వచ్చినా సినిమాకు మాత్రం పాజిటివ్‌ టాక్‌ రాలేదు.
",0
295,"అయినా రజనీ మాత్రం మరోసారి పా రంజిత్‌ కే అవకాశం ఇచ్చారు.
",0
296,"ముంబై మురికి వాడల నేపథ్యంలో రజనీకాంత్ హీరోగా తెరకెక్కిన సినిమా కాలా.
",0
297,"రజనీ ఏజ్‌కు ఇమేజ్‌ తగ్గ కథతో తెరకెక్కిన కాలా ప్రేక్షకులను ఏ మేరకు ఆకట్టుకుంది.
",0
298,"? రజనీ మ్యాజిక్‌ రిపీట్‌ అయ్యిందా.
",0
299,"కరికాలా అలియాస్‌ కాలా (రజనీకాంత్‌) ముంబైలోని మురికివాడ ధారావీకి పెద్ద దిక్కు.
",0
300,"అక్కడే పుట్టి పెరిగిన కాలా ఆ ప్రాంత ప్రజలకు ఎలాంటి కష్టం రాకుండా చూసుకుంటుంటాడు.
",0
301,"అయితే ముంబైలో అత్యంత విలువైన ఈ ప్రాంతాన్ని తమ హస్తగతం చేసుకునేందుకు రాజకీయనాయకులు ప్రయత్నాలు చేస్తుంటారు.
",0
302,"ముఖ‍్యంగా అధికార పార్టీ నాయకుడు  హరిదేవ్‌ అభయంకర్‌ అలియాస్‌ హరిదాదా (నానా పటేకర్‌) ఎలాగైన ధారావీని నుంచి ప్రజలను వెల్లగొట్టి అక్కడ అపార్ట్‌మెంట్లు నిర్మించాలని ప్రయత్నిస్తుంటాడు.
",0
303,"కానీ కాలా హరిదాదా పనులకు అడ్డుతగులుతాడు.
",0
304,"అలా హరిదాదా, కాలాల మధ్య మొదలైన యుద్ధం ఎలాంటి పరిస్థితులకు దారి తీసింది.
",0
305,"? ఈ పోరాటంలో కాలా ఏం కోల్పోయాడు.
",0
306,"? చివరకు ధారావీ ఏమైంది.
",0
307,"? అన్నదే మిగతా కథ.
",0
308,"భారతదేశం మొత్తం మీద అందంతో కాకుండా కేవలం స్టైల్ తోనే ఆకట్టుకునే దక్షిణభారతదేశ హీరోల్లో రజనీకాంత్ దే మొదటి స్థానం.
",0
309,"రజనీకాంత్‌ తనదైన స్టైల్స్‌, మేనరిజమ్స్‌తో మరోసారి ఆకట్టుకున్నాడు.
",0
310,"నటన పరంగా సూపర్బ్‌ అనిపించిన రజనీ యాక్షన్‌ సీన్స్‌ లో కాస్త ఇబ్బంది పడినట్టుగా అనిపిస్తుంది.
",0
311,"విలన్‌ గా నానా పటేకర్‌ తెర మీద కనిపించింది కొద్ది సేపే అయినా.
",0
312,"ఉన్నంతలో సూపర్బ్‌ పర్ఫామెన్స్‌ తో ఆకట్టుకున్నాడు.
",0
313,"రజనీ ఇమేజ్‌ను ఢీ కొట్టే పొలిటీషియన్‌ పాత్రలో నానా పటేకర్‌ నటన సినిమాకు ప్లస్‌ అయ్యింది.
",0
314,"రజనీ భార్యగా ఈశ్వరీ రావు నవ్వించే ప్రయత్నం చేసింది.
",0
315,"రజనీ, ఈశ్వరీ రావ్‌ల మధ్య వచ్చే సన్నివేశాలు అలరిస్తాయి.
",0
316,"కీలక పాత్రలో నటించిన హూమా ఖురేషీ హుందాగా కనిపించింది.
",0
317,"ఇతర పాత్రల్లో అంతా తమిళ నటులే కావటంతో తెలుగు ప్రేక్షకులు కనెక్ట్ కావటం కాస్త కష్టమే.
",0
318,"విశ్లేషణ.
",0
319,"రజనీ నుంచే అభిమానులు ఆశించే మాస్, కమర్షియల్ అంశాలేవీ లేకుండా సినిమాను రూపొందించిన రంజిత్‌ నిరాశపరిచాడు.
",0
320,"రజనీ ఎంట్రీ విషయంలో కూడా పెద్దగా హడావిడి లేకుండా సాదాసీదాగా కాలా పాత్రను పరిచయం చేశాడు.
",0
321,"తొలి భాగం అంతా అసలు కథ ప్రారంభించకుండా ఫ్యామిలీ సీన్స్‌తో లాగించేశాడు.
",0
322,"కథలో రజనీ హీరోయిజాన్ని మరింతగా ఎలివేట్ చేసే అవకాశం ఉన్నా దర్శకుడు ఆ దిశగా ప్రయత్నం చేసినట్టుగా కనిపించలేదు.
",0
323,"ఇంటర్వెల్‌ సీన్‌తో హైప్‌క్రియేట్‌ చేసినా ద్వితీయార్థంలో అదే టెంపో కంటిన్యూ చేయలేకపోయాడు.
",0
324,"సంగీత దర్శకుడు సంతోష్ నారాయణ్‌ కూడా అక్కడక్కడా మెప్పించినా.
",0
325,"చాలా సందర్భాల్లో విసిగించాడు.
",0
326,"మూడ్‌తో సంబంధం లేకుండా రాప్‌ బీట్‌లతో ఆడియన్స్‌ను ఇబ్బంది పెట్టాడు.
",0
327,"మురళీ అందించిన సినిమాటోగ్రఫీ బాగుంది.
",0
328,"ధారావి మురికి వాడలను నేచురల్‌ గా చూపించాడు.
",0
329,"ఎడిటింగ్‌ విషయంలో ఇంకాస్త దృష్టి పెట్టాల్సింది.
",0
330,"నిర్మాణ విలువలు బాగున్నాయి.
",0
331,"కబాలి సినిమా తరువాత రజనీ ఇచ్చిన సెకండ్‌ చాన్స్‌ను దర్శకుడు పా.
",0
332,"రంజిత్‌ వినియోగించుకోలేకపోయాడు.
",0
333,"రజనీ నుంచి ఆశించే కొన్ని అంశాలు లేకపోవడం ఫ్యాన్స్‌కు నిరాశ కలిగించే అంశం.
",0
334,"మైనస్‌ పాయింట్స్‌ -స్లో నేరేషన్ ,ఎడిటింగ ,సంగీతం.
",0
335,"యాక్షన్‌ హీరో గోపిచంద్‌కు కొద్ది రోజులుగా కాలం కలిసిరావటం లేదు.
",0
336,"ఒకప్పుడు స్టార్ హీరోలకు ధీటుగా ఓపెనింగ్స్ తెచ్చుకున్న గోపీచంద్ చాలా బ్యాడ్ టైంలో ఎంతో నమ్మకంతో చేసిన మూవీ పంతం.
",0
337,"వరుసగా ప్రతీ సినిమా బోల్తా పడుతుండటంతో కెరీర్‌ కష్టాల్లో పడింది.
",0
338,"కామెడీ సినిమాలతో మంచి విజయాలు సాధించిన గోపి మాస్‌ యాక్షన్ హీరోగా సత్తా చాటడంలో ఫెయిల్ అవుతున్నాడు.
",0
339,"ఈ టైంలో ఓ మెసేజ్‌ ఓరియంటెడ్ కమర్షియల్‌ ఎంటర్‌టైనర్‌తో ప్రేక్షకుల ముందుకు వచ్చాడు.
",0
340,"కొత్త దర్శకుడు చక్రవర్తి తెరకెక్కించిన ‘పంతం’ గోపిచంద్‌ కెరీర్‌ను గాడిలో పెడుతుందా.
",0
341,"? మాస్ హీరోగా గోపిచంద్ సక్సెస్‌ సాధించాడా.
",0
342,"ఆనంద్‌ సురానా (ముఖేష్‌ రుషి) లండన్‌లో ఉండే భారతీయ వ్యాపారవేత్త.
",0
343,"వేల కోట్ల ఆస్తులకు అధిపతి.
",0
344,"మినిస్టర్లకు కూడా సురానాను కలవాలంటే నెలల సమయం పడుతుంది.
",0
345,"అలాంటి సురానా ఫ్యామిలీ వారసుడు విక్రాంత్‌ సురానా (గోపిచంద్‌).
",0
346,"ఆనంద్‌ సురానాకు దానధర్మాలు చేయటం ఇష్టం ఉండదు.
",0
347,"తన భార్య దుర్గాదేవి (పవిత్రా లోకేష్‌) అలా దాన ధర్మాల కోసం డబ్బు ఖర్చు చేస్తుందని ఇండియా నుంచి వ్యాపారాలను ఫ్యామిలినీ లండన్‌ తీసుకెళ్లిపోతాడు.
",0
348,"కానీ విక్రాంత్‌ మాత్రం తల్లి బాటలోనే నడుస్తాడు.
",0
349,"తల్లి ఏర్పాటు చేసిన ట్రస్ట్‌ కోసం తిరిగి ఇండియా వస్తాడు.
",0
350,"అలా ఇండియాకు వచ్చిన విక్రాంత్‌కు ఎదురైన పరిస్థితులేంటి.
",0
351,"? ఆ పరిస్థితులపై విక్రాంత్‌ ఎలా పోరాటం చేశాడు.
",0
352,"? అన్నదే మిగతా కథ.
",0
353,"మాస్‌ యాక్షన్‌ రోల్‌లో తనకు తిరుగులేదని గోపిచంద్‌ మరోసారి ప్రూవ్‌ చేసుకున్నాడు.
",0
354,"రాబిన్‌ హుడ్ తరహా పాత్రలో పర్ఫెక్ట్‌గా సూట్‌ అయ్యాడు.
",0
355,"యాక్షన్‌ సీన్స్‌లో మంచి ఈజ్‌ చూపించాడు.
",0
356,"ఫస్ట్ హాప్‌లో కామెడీ టైమింగ్‌తోనూ అలరించాడు.
",0
357,"ముఖ్యంగా కోర్టు సీన్‌లో గోపిచంద్‌ నటన సూపర్బ్‌ అనిపిస్తుంది.
",0
358,"హీరోయిన్‌ మెహరీన్‌ పాత్ర కేవలం పాటలకే పరిమితమైంది.
",0
359,"ఉన్నంతలో తన వంతుగా ఆకట్టుకునే ప్రయత్నం చేశారు.
",0
360,"విలన్‌గా సంపత్‌ రాజ్‌ రొటీన్‌ పాత్రలో కనిపించారు.
",0
361,"అవినీతి పరుడైన రాజకీయ నాయకుడిగా తనదైన స్టైల్‌లో మెప్పించారు.
",0
362,"ఇతర పాత్రల్లో జయప్రకాష్, పృథ్వీ, షియాజీ షిండే, ముఖేష్ రుషి, తనికెళ్ల భరణి తమ పరిధి మేరకు ఆకట్టుకున్నారు.
",0
363,"విశ్లేష.
",0
364,"గోపిచంద్‌ పంతం రూపంలో మరోసారి రెగ్యులర్ మాస్ మసాలా సినిమానే చూపించాడు.
",0
365,"ఏదైనా ప్రమాదం జరిగినప్పుడు ప్రభుత్వం ప్రకటించే సాయం ఎంత మంది బాధితులకు చేరుతుంది.
",0
366,"? మధ్యలో మంత్రులు, అధికారులు ఆ డబ్బును ఎలా దోచేస్తున్నారు అన్న పాయింట్‌కు కమర్షియల్ ఎలిమెంట్స్‌తో తెరకెక్కిం‍చాడు దర్శకుడు చక్రవర్తి.
",0
367,"గోపిచంద్‌ మాస్‌ ఇమేజ్‌కు తగ్గట్టు వరుస యాక్షన్‌ సీన్స్‌తో ఆకట్టుకున్నాడు.
",0
368,"అయితే హీరోయిజాన్ని ఎలివేట్ చేసే ప్రయత్నంలో లాజిక్‌లను కాస్త పక్కన పెట్టినట్టుగా అనిపిస్తుంది.
",0
369,"విలన్‌ క్యారెక్టర్‌ను మరింత బలంగా చూపించి ఉంటే బాగుండేది.
",0
370,"గోపిసుందర్‌ సంగీతం పెద్దగా ఆకట్టుకునేలా లేదు.
",0
371,"కథనం మధ్యలో పాటలు స్పీడు బ్రేకర్లల ఇబ్బంది పెడతాయి.
",0
372,"సినిమాకు మేజర్‌ ప్లస్‌ పాయింట్ ప్రసాద్‌ మూరెళ్ల సినిమాటోగ్రఫి.
",0
373,"ప్రతీ ఫ్రేమ్‌ రిచ్‌గా, స్టైలిష్‌గా ప్రజెంట్ చేశారు.
",0
374,"నిర్మాత రాధామోహన్ ఖర్చుకు వెనుకాడకుండా సినిమాను నిర్మించారు.
",0
375,"ప్లస్‌ పాయింట్స్ - గోపిచంద్‌ నట, కోర్టు సీన్ ,యాక్షన్‌ సీన్స్‌.
",0
376,"మైనస్‌ పాయింట్స్ - హీరోయిన్ ,మ్యూజిక ,రొటీన్ కథ.
",0
377,"నా పేరు సూర్య నా ఇల్లు ఇండియా రివ్యూ:తారాగణం : అల్లు అర్జున్‌, అను ఇమ్మాన్యూయేల్‌, అర్జున్‌, శరత్ కుమార్‌, బొమన్‌ ఇరానీ, రావూ రమేష్‌
",0
378,"స్టైలిష్‌ స్టార్‌ అల్లు అర్జున్‌ హీరోగా వక్కంతం వంశీని దర్శకుడిగా పరిచయం చేస్తూ తెరకెక్కించిన సినిమా నా పేరు సూర్య నా ఇల్లు ఇండియా.
",0
379,"ఈ సినిమాలో బన్నీ డిఫరెంట్‌ మేకోవర్‌లో, డిఫరెంట్‌ మేనరిజమ్స్‌తో సోల్జర్‌ పాత్రలో.
",0
380,"ఇప్పటికే రిలీజ్‌ అయిన ట్రైలర్‌, సాంగ్స్ సినిమా మీద అంచనాలను భారీగా పెంచేశాయి.
",0
381,"మరి ఆ అంచనాలను నా పేరు సూర్య నా ఇల్లు ఇండియా అందుకుందా? బన్నీ మరోసారి తన స్టామినా ప్రూవ్‌ చేసుకున్నాడా? వంశీ దర్శకుడిగా తొలి ప్రయత్నంలో విజయం సాధించాడా?.
",0
382,"సూర్య (అల్లు అర్జున్‌) కోపాన్ని కంట్రోల్‌ చేసుకోలేని యువకుడు.
",0
383,"తన ఆవేశంతో ప్రతీ ఒకరితో గొడవపడుతూ ఉంటాడు.
",0
384,"చిన్నతనంలో ఓ గొడవ కారణంగా ఇంట్లోంచి వెళ్లిపోతాడు.
",0
385,"పెద్దయ్యాక సైన్యంలో చేరి అక్కడా తన తీరును మార్చుకోడు.
",0
386,"ఈ క్రమంలో ఓ మినిస్టర్‌ కొడుకుతో గొడవపడటం, తరువాత ఆర్మీ నిర్భందంలో ఉన్న ఓ వ్యక్తిని చంపటంతో ఉన్నతాధికారులు సూర్య మీద చర్యలు తీసుకుంటారు.
",0
387,"తన మీద తనకు కంట్రోల్‌ లేని వాడు సైన్యంలో పనికిరాడంటూ ఆర్మీ నుంచి సస్పెండ్‌ చేస్తారు.
",0
388,"తిరిగి ఆర్మీలో చేరాలంటే తాను మానసికంగా ఫిట్‌గా ఉన్నట్లు ప్రముఖ సైకాలజిస్ట్‌ రామకృష్ణం రాజు (అర్జున్‌) నుంచి సర్టిఫికేట్‌ తీసుకురావాలని కండిషన్‌ పెడతారు.
",0
389,"ఆ పని మీద వైజాగ్‌ వచ్చిన సూర్యకు సమస్యలు ఎదురవుతుంటాయి.
",0
390,"చల్లాతో గొడవలు పెట్టుకుంటాడు.
",0
391,"ఇంతకీ రామకృష్ణంకు సూర్యకు మధ్య సంబంధం ఏంటి.
",0
392,"? సూర్య తన క్యారెక్టర్‌ని వదులుకొని తిరిగి ఆర్మీలో చేరాడా? అన్నదే మిగతా కథ.
",0
393,"విశ్లేషణ:.
",0
394,"వక్కంతం వంశీ దర్శకుడిగా తొలి ప్రయత్నంలో డిఫరెంట్ కాన్సెప్ట్‌ను ఎంచుకున్నాడు.
",0
395,"స్టైలిష్‌ స్టార్‌ అల్లు అర్జున్‌ను అభిమానులకు డిఫరెంట్ లుక్‌ , బాడీ లాంగ్వేజ్, మేనరిజమ్స్‌ ఇలా ప్రతీ విషయంలోనూ బన్నీని కొత్తగా చూపించాడు దర్శకుడు.
",0
396,"మొదటి నుంచి సినిమాను దేశభక్తి సినిమాగా ప్రమోట్‌ చేసినా రొమాన్స్‌, ఫ్యామిలీ ఎమోషన్స్‌ కూడా ఉండేలా జాగ్రత్త పడ్డాడు.
",0
397,"అయితే తొలి భాగాన్ని ఆసక్తికరంగా నడిపించిన వంశీ, ద్వితీయార్థంలో మాత్రం కాస్త తడబడ్డాడు.
",0
398,"సెకండ్‌ హాఫ్‌ కథనం కాస్త నెమ్మదించటం ప్రేక్షకులను ఇబ్బంది పెడుతుంది.
",0
399,"ప్రేమకథను కూడా అంత ఆసక్తికరంగా మలచలేదు.
",0
400,"బాలీవుడ్ సంగీత ద్వయం విశాల్‌ శేఖర్‌లు బన్నీ ఎనర్జీకి తగ్గ ట్యూన్స్‌ తో అలరించారు.
",0
401,"మాస్ ఐటమ్‌ నంబర్‌, రొమాంటిక్‌ మెలోడి, ఫ్యామిలీ సాంగ్‌ ఇలా అన్ని వేరియేషన్స్‌ లోనూ ఆకట్టుకున్నారు.
",0
402,"బ్యాక్‌ గ్రౌండ్‌ స్కోర్‌ తో సినిమా స్థాయిని మరింత పెంచారు.
",0
403,"వంశీ రాసిన డైలాగ్స్‌ అద్భుతంగా ఉన్నాయి.
",0
404,"రాజీవ్ రవి సినిమాటోగ్రఫి సినిమాకు మరో మేజర్‌ ప్లస్‌ పాయింట్‌.
",0
405,"ఆర్మీ సీన్స్‌ తో పాటు ఇతర సన్నివేశాలను అద్భుతంగా కెమెరాలో బంధించాడు రాజీవ్‌.
",0
406,"ఎడిటింగ్‌, నిర్మాణ విలువలు సినిమా స్థాయికి తగ్గట్లుగా ఉన్నాయి.
",0
407,"సరిహద్దులో శత్రువుల కంటే.
",0
408,"దేశం లోపల ఉన్న దుష్టశక్తులు ప్రమాదకరమని భావించి వాటితో పోరాటం చేసే  ఆవేశపరుడైన సైనికుడి కథే ఇది.
",0
409,"అయితే తొలి ప్రయత్నంలో బలమైన కథను రాసుకున్న దర్శకుడు వక్కంతం వంశీ.
",0
410,"దానిని తెరపై మాత్రం అంత ఆసక్తికరంగా మలచలేకపోయాడు.
",0
411,"ప్లస్‌ పాయింట్స్‌ - అల్లు అర్జున్ ,యాక్షన్‌ సీన్స్ ,బ్యాక్‌ గ్రౌండ్‌ మ్యూజిక్‌.
",0
412,"మైనస్‌ పాయింట్స్‌ - సెకండ్‌ హాఫ్‌లో కొన్ని సీన్ల ,స్క్రీన్‌ప్లే.
",0
413,"అర్జున్‌ రెడ్డి సినిమాతో ఓవర్‌ నైట్‌ స్టార్‌గా మారిన విజయ్‌ దేవరకొండ… మరో డిఫరెంట్‌ సినిమాతో ప్రేక్షకుల ముందుకు వచ్చాడు.
",0
414,"అర్జున్‌ రెడ్డి లాంటి బోల్డ్‌ సబ్జెక్ట్‌ తరువాత ఓ డీసెంట్‌  ఫ్యామిలీ ఎంటర్‌టైనర్‌తో ఆకట్టుకునే ప్రయత్నం చేశాడు.
",0
415,"మరి తన ఇమేజ్‌కు పూర్తి భిన్నంగా విజయ్‌ చేసిన గీత గోవిందం ప్రేక్షకులను ఏమేరకు ఆకట్టుకుంది…? గీత గోవిందుల ప్రేమ కథ ఏంటి.
",0
416,"విజయ్‌ గోవింద్‌ (విజయ్‌ దేవరకొండ) లెక్చరర్‌.
",0
417,"తను చేసుకోబోయే అమ్మాయి కూడా సాంప్రదాయబద్ధంగా, తన అమ్మలాగే ఉండాలని కలలు కంటుంటాడు.
",0
418,"అలా ఓ అమ్మాయి వెంటే 6 నెలలు తిరిగిన తరువాత ఆ అమ్మాయికి పెళ్లయిందని తెలిసి నిరుత్సాహపడతాడు.
",0
419,"కొద్ది రోజులకు గీత (రష్మిక మందన్న)ను గుడిలో చూసి తొలి చూపులోనే ప్రేమలో పడతాడు.
",0
420,"ఎలాగైన ఆ అమ్మాయిని పెళ్లిచేసుకోవాలని నిర్ణయించుకుంటాడు.
",0
421,"అదే సమయంలో తన చెల్లికి పెళ్లి కుదరటంతో కాకినాడ బయలుదేరుతాడు విజయ్‌.
",0
422,"గీత కూడా అదే బస్సులో విజయ్‌ పక్కన సీటులోనే కూర్చుంటుంది.
",0
423,"ఎలాగైనా ప్రేమ విషయం చెప్పాలనుకున్న విజయ్‌, ఫ్రెండ్స్‌ చెప్పిన చెత్త సలహాల కారణంగా ఆమె దృష్టిలో ఓ రోగ్‌ అనిపించుకుంటాడు.
",0
424,"అలా గీతకు దూరమైన విజయ్‌ తిరిగి ఆమె ప్రేమను ఎలా గెలుచుకున్నాడు.
",0
425,"? ఈ మధ్యలో గీత, గోవింద్‌ల జీవితం ఎలాంటి మలుపులు తిరిగింది.
",0
426,"? అన్నదే మిగతా కథ.
",0
427,"సినిమాపై ఈ స్థాయిలో హైప్‌ క్రియేట్‌ అవ్వడానికి ముఖ్య కారణం విజయ్‌ దేవరకొండ.
",0
428,"భయస్తుడిలా హీరోయిన్‌ చుట్టూ మేడమ్‌.
",0
429,"మేడమ్‌ అంటూ తిరిగే పాత్రలో విజయ్ నటన సూపర్బ్‌.
",0
430,"తన డైలాగ్‌ డెలివరీ, బాడీ లాంగ్వేజ్‌తో ప్రతీ సీన్‌లోనూ ఫన్‌ జనరేట్ చేయటంలో విజయ్ దేవరకొండ్ సక్సెస్‌ అయ్యాడు.
",0
431,"అదే సమయంలో ప్రీ క్లైమాక్స్‌, క్లైమాక్స్‌లో వచ్చే ఎమోషనల్‌ సీన్స్‌లో కంటతడి పెట్టించే సెంటిమెంట్‌ను పండించాడు.
",0
432,"హీరోయిన్‌ గా రష్మిక మరోసారి వావ్‌ అనిపించారు.
",0
433,"ఛలో సినిమాతో తెలుగు ప్రేక్షకులను పలకరించిన ఈ భామ, గీత పాత్రలో టాలీవుడ్‌కు మరింత చేరువయ్యారు.
",0
434,"కోపం, ప్రేమ, బాధ ఇలా అన్ని వేరియేషన్స్‌ చాలా బాగా చూపించారు.
",0
435,"చాలా సన్నివేశాల్లో విజయ్‌ దేవరకొండతో పోటి పడి నటించారు.
",0
436,"చాలా రోజుల తరువాత సుబ్బరాజుకు మంచి పాత్ర దక్కింది.
",0
437,"ఇతర పాత్రల్లో రాహుల్‌ రామకృష్ణ, నాగబాబు, గిరిబాబు, అన్నపూర్ణ తమ పరిధి మేరకు ఆకట్టుకున్నారు.
",0
438,"ప్లస్‌ పాయింట్స్‌  -విజయ్‌ దేవరకొండ, రష్మిక నట ,సంగీత ,డైలాగ్స్‌.
",0
439,"పరశురామ్‌ తనదైన కామెడీ, ఎమోషనల్‌ టేకింగ్‌తో ఆకట్టుకున్నాడు.
",0
440,"పాత కథే అయినా.
",0
441,"కథనం, డైలాగ్స్‌తో ఆడియన్స్‌కు కొత్త అనుభూతిని అందించాడు.
",0
442,"విజయ్‌ దేవరకొండను అర్జున్‌ రెడ్డి ఇమేజ్‌ నుంచి బయటకు తీసుకువచ్చి డిఫరెంట్‌ స్టైల్‌లో చూపించటంలో సక్సెస్‌ అయ్యాడు.
",0
443,"దర్శకుడిగానే కాదు రచయితగాను ఫుల్‌ మార్క్స్‌ సాధించాడు.
",0
444,"కావాలని కామెడీ సీన్స్‌ను ఇరికించకుండా లీడ్‌ క్యారెక్టర్స్‌తోనే మంచి కామెడీ పండించాడు.
",0
445,"తొలి భాగం ఎంటర్‌టైనింగ్‌గా నడిపించిన దర్శకుడు ద్వితీయార్థంలో కాస్త స్లో అయ్యాడు.
",0
446,"ఎమోషనల్‌ సీన్స్‌ కాస్త సాగదీసినట్టుగా అనిపించినా.
",0
447,"తరువాత వచ్చే ఎం‍టర్‌టైన్మెంట్‌తో అన్ని కవర్‌ అయిపోతాయి.
",0
448,"సినిమాకు మరో మేజర్‌ ప్లస్‌ పాయింట్ గోపిసుందర్‌ సంగీతం.
",0
449,"కథలో భాగంగా వచ్చిపోయే పాటలు ఆడియన్‌ను మరింతగా క్యారెక్టర్స్‌తో కనెక్ట్ చేసేస్తాయి.
",0
450,"సినిమాటోగ్రఫి, ఎడిటింగ్‌, నిర్మాణ విలువలు ఇలా అన్ని సినిమా స్థాయికి తగ్గట్టుగా సరిగ్గా కుదిరాయి.
",0
451,"సినిమా అంటే విపరీతమైన అభిమానం, ప్రేమ, పిచ్చి కలిగిన భారతీయుల్లో అందుకే నటీనటుల పట్ల ఎక్కడా లేని విపరీతమైన ఆదరాభిమానాలు ఉంటాయి.
",0
452,"అందుకే వారసుల వారసులు ఎందరు వచ్చినా ఆదరణ విషయంలో లోటు ఉండదు.
",0
453,"మహానటి పూర్తిగా సావిత్రి కథ.
",0
454,"ఆమె జీవితంపై ఎంతో పరిశోదన చేసి ఈ కథను తయారు చేశారు.
",0
455,"సినీ అభిమానులకు సావిత్రి తెర మీదకు వచ్చిన దగ్గరనుంచే తెలుసు కానీ ఆమె గతాన్ని కూడా ఈ సినిమాతో పరిచయం చేశారు.
",0
456,"నిశంకర సావిత్రి (కీర్తి సురేష్‌).
",0
457,"తనకు ఆర‍్నేళ్లు ఉన్నప్పుడే తండ్రి చనిపోవటంతో పెదనాన్న కే వెంకట రామయ్య చౌదరి(రాజేంద్ర ప్రసాద్‌) సంరక్షణలో పెరుగుతుంది.
",0
458,"చిన్నతనం నుంచి ఈ పని నీ వల్ల కాదు అంటే ఎలాగైనా పట్టు పట్టి ఆ పని చేసి చూపించటం సావిత్రికి అలవాటు.
",0
459,"అందుకే తనకు రాదు అన్న నాట్యం దూరం నుంచి చూసి నేర్చుకుంటుంది.
",0
460,"సినిమాకు ప్రధాన బలం కీర్తీ సురేష్‌.
",0
461,"సావిత్రి పాత్రలో కీర్తీ సురేష్ పరకాయ ప్రవేశం చేసిందా అన్నంతగా జీవించారు.
",0
462,"14 ఏళ్ల వయస్సులో సావిత్రిలోని అల్లరి, చిలిపి తనం.
",0
463,"నటిగా ఎదుగుతున్న సమయంలో తనలో హుందాతనం.
",0
464,"ప్రేమ, కరుణ, భయం, కోపం ఇలా ప్రతీ రసాన్ని అద్భుతంగా పలికించారు.
",0
465,"తెర మీద సావిత్రినే చూస్తున్నామ అన్నంతగా మెప్పించారు కీర్తి సురేష్‌.
",0
466,"సావిత్రి భర్త జెమినీ గణేష్‌ పాత్రలో దుల్కర్‌ సల్మాన్‌ ఒదిగిపోయారు.
",0
467,"విశ్లేషణ.
",0
468,"మహానటి సావిత్రి జీవితాన్ని వెండితెర మీద ఆవిష్కరించాలన్న నిర్ణయమే సాహసం.
",0
469,"అలాంటి ప్రయత్నాన్ని ఏ మాత్రం వివాదాస్పదం కాకుండా అద్భుతంగా వెండితెర మీద ఆవిష్కరించాడు దర్శకుడు నాగ్‌ అశ్విన్‌.
",0
470,"ప్రతీ ఫ్రేమ్‌లో సావిత్రి కథను ఈ తరానికి పరిచయం చేయాలన్న తపన స్పష్టంగా కనిపించింది.
",0
471,"రెగ్యులర్‌ కమర్షియల్ సినిమాలా కాకుండా ఓ క్లాసిక్‌లా సినిమాను రూపొందించారు.
",0
472,"సినిమా చూస్తున్నంతసేపు ప్రేక్షకుడుకి సావిత్రి కాలంలోకి వెళ్లి ఆమె జీవితాన్ని దగ్గరగా చూసిన అనుభూతి కలిగించారు.
",0
473,"ఆర్‌ఎక్స్‌ 100 సినిమా టైటిల్‌ తో పాటు పోస్టర్స్‌, టీజర్స్‌ డిఫరెంట్‌గా ఉండటంతో సినిమా మీద భారీ హైప్‌ క్రియేట్ అయ్యింది.
",0
474,"అందుకు తగ్గట్టుగా చిత్రయూనిట్‌ రొటీన్‌ సినిమాలు చూడాలనుకునేవారు మా సినిమాకు రావొద్దంటూ ధైర్యంగా స్టేట్‌మెంట్‌ ఇవ్వటంతో సినిమా మీద అంచనాలు మరింతగా పెరిగిపోయాయి.
",0
475,"రామ్‌ గోపాల్ వర్మ దగ్గర దర్శకత్వ శాఖలో పనిచేసిన అజయ్‌ భూపతి దర్శకుడిగా కార్తికేయ, పాయల్‌ రాజ్‌పుత్‌లను హీరో హీరోయిన్లుగా పరిచయం చేస్తూ తెరకెక్కించిన ఆర్‌ఎక్స్‌ 100 అంచనాలు అందుకుందా.
",0
476,"? రొటిన్‌ సినిమాలకు భిన్నంగా ప్రేక్షకులను ఆకట్టుకుందా.
",0
477,"చిన్నప్పుడే అమ్మానాన్నలను కోల్పోయిన శివ(కార్తికేయ)ను డాడీ(రాంకీ) అన్ని తానే అయి పెంచుతాడు.
",0
478,"డాడీకి చేదోడు వాదోడుగా ఉంటూ సరదాగా కాలం గడిపేస్తుంటాడు శివ.
",0
479,"ఊళ్లో గొడవల కారణంగా డాడీకి , విశ్వనాథం(రావు రమేష్)తో గొడవలు అవుతాయి.
",0
480,"కానీ అదే సమయంలో శివ, విశ్వనాథం కూతురు ఇందు(పాయల్ రాజ్‌పుత్‌)తో ప్రేమ పడతాడు.
",0
481,"తన ప్రేమకు డాడీ సపోర్ట్ చేయటంతో శివ, ఇందుకు మరింత దగ్గరవుతాడు.
",0
482,"ఒక రోజు మన ప్రేమ విషయం ఇంట్లో చెప్తానని శివకు చెప్పి వెళ్లిన ఇందు, తండ్రి చూసిన ఫారిన్ కుర్రాడిని పెళ్లి చేసుకొని వెళ్లిపోతుంది.
",0
483,"ఇందును తన నుంచి దూరం చేశాడని విశ్వనాథం మీద పగ పెంచుకుంటాడు శివ.
",0
484,"విశ్వనాథం మనుషులను కొట్టడంతో పాటు, ఆస్తులను కూడా ధ్వంసం చేస్తూ సైకోలా తయారవుతాడు.
",0
485,"అసలు ఇందు, శివను కాదని మరో పెళ్లి ఎందుకు చేసుకుంది.
",0
486,"? వీరి ప్రేమకథలో విలన్‌ ఎవరు.
",0
487,"? చివరకు శివ ఏమైయ్యాడు అన్నదే మిగతా కథ.
",0
488,"ఈ పాత్రను చాలెంజ్‌గా తీసుకొని చేశానంటూ చెప్పిన కార్తికేయ, శివ పాత్రకు న్యాయం చేసేందుకు సిన్సియర్‌గా ప్రయత్నించాడు.
",0
489,"నాచురల్‌ లుక్‌లో రియలిస్టిక్‌గా కనిపించాడు.
",0
490,"నిజాయితీ గల ప్రేమికుడిగా, ప్రేమకు దూరమై మూర్ఖుడిలా మారిన యువకుడిలా రెండు వేరియన్స్‌ బాగా చూపించాడు.
",0
491,"ముఖ్యంగా క్లైమాక్స్‌ సీన్‌లో కార్తికేయ నటన ఆకట్టుకుంటుంది.
",0
492,"హీరోయిన్‌గా పాయల్ రాజ్‌పుత్‌ పరవాలేదనిపించింది.
",0
493,"నటన పరంగా ఓకె అనిపించినా, గ్లామర్‌ షో, బోల్డ్‌ సీన్స్‌తో ఆడియన్స్‌కు షాక్‌ ఇచ్చింది.
",0
494,"రావు రమేష్ మరోసారి తనదైన నటనతో మెప్పించారు.
",0
495,"చాలా కాలం తరువాత తెలుగు తెర మీద కనిపించిన రాంకీ నిరాశ పరిచారు.
",0
496,"హీరోకు పెద్ద దిక్కుగా కనిపించిన రాంకీకి ఒకటి రెండు సన్నివేశాల్లో తప్ప పెద్దగా నటనకు అవకాశం దక్కలేదు.
",0
497,"విశ్లేషణ .
",0
498,"దర్శకుడు అజయ్‌ భూపతి తను అనుకున్న కథను ఆసక్తికరంగా తెరకెక్కించటంలో ఫెయిల్‌ అయ్యాడు.
",0
499,"లవ్‌ ట్రాక్‌ కూడా ఆసక్తికరంగా లేదు.
",0
500,"హీరో హీరోయిన్‌ల మధ్య ప్రేమను చూపించే కన్నా సినిమాను బోల్డ్‌ గా తెరకెక్కించాలన్న ప్రయత్నమే ఎక్కువగా కనిపించింది.
",0
501,"రొటీన్‌ ప్రేమకథలకు భిన్నంగా తెరకెక్కించే ఆలోచనతో ఫ్యామిలీ ఆడియన్స్‌ను పక్కన పెట్టేశారు.
",0
502,"కథనంలో వేగం లోపించటం కూడా ప్రేక్షకుడి సహనాన్ని పరీక్షిస్తుంది.
",0
503,"ప్రీ క్లైమాక్స్, క్లైమాక్స్ సీన్స్ ఆసక్తికరంగా ఉన్నాయి.
",0
504,"చైతన్య భరద్వాజ్‌ సంగీతమందించిన పాటలు పరవాలేదనిపిస్తాయి.
",0
505,"స్మరన్‌ అందించిన నేపథ్య సంగీతం ఆకట్టుకునేలా లేదు.
",0
506,"సినిమాటోగ్రఫి బాగుంది.
",0
507,"ఎడిటింగ్‌ విషయంలో ఇంకాస్త దృష్టి పెట్టాల్సింది.
",0
508,"చాలా సందర్భాల్లో కథకు అవసరం లేని సన్నివేశాలు వచ్చిపోవటం ఇబ్బంది పెడుతుంది.
",0
509,"నిర్మాణ విలువలు బాగున్నాయి.
",0
510,"ప్లస్ పాయింట్స్‌ .
",0
511,"హీరో పాత్.
",0
512,"కొన్ని ఎమోషనల్‌ సీన్స్‌.
",0
513,"మైనస్‌ పాయింట్స్‌.
",0
514,"స్లో నేరేషన్.
",0
515,"హీరో హీరోయిన్ల మధ్య వచ్చే లవ్ సీన్స్‌.
",0
516,"నాగార్జున, నానిల కాంబోలో మల్టీస్టారర్ అని అనౌన్స్ చేసినప్పుడే దేవదాస్ మీద ఇద్దరి హీరోల అభిమానుల్లో అంచనాలు మొదలయ్యాయి.
",0
517,"చాలా కాలం తరువాత వైజయంతీ మూవీస్‌ బ్యానర్‌లో అశ్వనీదత్‌ స్వయంగా నిర్మాతగా తెరకెక్కించిన ఈ సినిమాకు శ్రీరామ్‌ ఆదిత్య దర్శకుడు.
",0
518,"భలే మంచి రోజు, శమంతకమణి లాంటి డిఫరెంట్ సినిమాలను తెరకెక్కించిన శ్రీరామ్‌ ఆదిత్య.
",0
519,"నాగ్‌, నాని లాంటి స్టార్లను డైరెక్ట్ చేస్తుండటంతో దేవదాస్‌పై మంచి హైప్‌ క్రియేట్ అయ్యింది.
",0
520,"మరి ఆ అంచనాలను శ్రీరామ్‌ ఆదిత్య అందుకున్నాడా.
",0
521,"? మల్టీస్టారర్‌గా తెరకెక్కిన దేవదాస్‌ సక్సెస్‌ అయ్యిందా.
",0
522,"? నాగ్‌,నానిల కాంబినేషన్ ఏ మేరకు అలరించింది.
",0
523,"దేవ (నాగార్జున) ఓ మాఫియా డాన్‌.
",0
524,"తనను ఆదరించి పెంచిన దాదా(శరత్‌ కుమార్‌)ను ప్రత్యర్థులు చంపేయటంతో పదేళ్లపాటు అజ్ఞాతంలో ఉన్న దేవ బయటకు వస్తాడు.
",0
525,"దేవ సిటీకి తిరిగి వస్తున్నాడన్న ఇన్ఫర్మేషన్‌ తెలుసుకున్న పోలీసులు ఎలాగైన దేవాను పట్టుకోవాలని స్కెచ్‌ వేస్తారు.
",0
526,"అదే సమయంలో దాదాను చంపిన డేవిడ్‌(కునాల్ కపూర్‌) గ్యాంగ్ కూడా దేవను చంపడానికి ట్రై చేస్తుంది.
",0
527,"ఓ పోలీస్‌ అటాక్‌లో గాయపడిన దేవకు డాక్టర్‌ దాస్‌ (నాని) ట్రీట్‌మెంట్‌ చేస్తాడు.
",0
528,"తాను క్రిమినల్‌ అని తెలిసినా పోలీస్‌లకు పట్టివ్వని దాస్‌ మంచితనం చూసి, దేవ అతనితో ఫ్రెండ్‌షిప్ చేస్తాడు.
",0
529,"మొదట్లో కాస్త ఇబ్బంది పడినా దాస్‌ కూడా దేవకు మంచి ఫ్రెండ్ అయిపోతాడు.
",0
530,"మనుషులను చంపటం తప్ప ప్రేమించటం తెలియని దేవ.
",0
531,"మనుషులను అమాయకంగా నమ్మటం, ప్రేమించటం మాత్రమే తెలిసిన దాస్‌ల మధ్య స్నేహం ఎలా కుదిరింది.
",0
532,"? దేవ పోలీసుల నుంచి డేవిడ్‌ గ్యాంగ్‌నుంచి ఎలా తప్పించుకున్నాడా.
",0
533,"? దాదాను చంపిన వారి మీద పగ తీర్చుకున్నాడా.
",0
534,"? ఈ ప్రయాణంలో దేవ, దాస్‌లు.
",0
535,"ఎవరు ఎవరిలా మారిపోయారు.
",0
536,"? అన్నదే మిగతా కథ.
",0
537,"కింగ్ నాగార్జున మరోసారి తనదైన స్టైలిష్‌ లుక్‌తో మెస్మరైజ్‌ చేశాడు.
",0
538,"గత చిత్రం ఆఫీసర్‌తో పోలిస్తే ఈ సినిమాలో మరింత యంగ్‌గా కనిపించాడు.
",0
539,"యాక్షన్‌, రొమాన్స్‌లతో పాటు కామెడీతోనూ ఆకట్టుకున్నాడు.
",0
540,"ఫుల్‌ ఎనర్జిటిక్‌ పర్ఫామెన్స్‌తో అలరించాడు.
",0
541,"యంగ్ హీరో నాని కూడా తనదైన నేచురల్ పర్ఫామెన్స్‌ తో మెప్పించాడు.
",0
542,"అమాయకుడిగా కనిపిస్తూనే మంచి టైమింగ్‌తో కామెడీ పండించాడు.
",0
543,"ముఖ్యంగా నాగ్‌, నానిల మధ్య వచ్చే సన్నివేశాల్లో వారిద్దరి కెమిస్ట్రీ సినిమాను మరింత ఎంటర్‌టైనింగ్‌గా మార్చింది.
",0
544,"ఎమోషనల్‌ సీన్స్‌లోనూ ఇద్దరి నటన సూపర్బ్‌.
",0
545,"సినిమా అంతా దేవ, దాస్‌ల చుట్టూనే తిరుగడంతో హీరోయిన్ల పాత్రలకు పెద్దగా ఇంపార్టెన్స్‌ లేదు.
",0
546,"ఉన్నంతలో ఆకాంక్ష సింగ్, రష్మికలు ఆకట్టుకున్నారు.
",0
547,"విలన్‌గా తెలుగు తెరకు పరిచయం అయిన బాలీవుడ్ నటుడు కునాల్ కపూర్‌ స్టైలిష్ లుక్‌లో ఆకట్టుకున్నా.
",0
548,"ఆ పాత్రను పెద్దగా ఎలివేట్ చేయలేదు.
",0
549,"ఇతర పాత్రల్లో నరేష్‌, వెన్నెల కిశోర్‌, సత్య, మురళీశర్మ, అవసరాల శ్రీనివాస్‌లు తమ పాత్రలకు పూర్తి న్యాయం చేశారు.
",0
550,"దర్శకుడు శ్రీరామ్‌ ఆదిత్య దేవదాస్‌ను బాగానే డీల్ చేశాడు.
",0
551,"తను అనుకున్న కథకు తెర రూపం ఇవ్వటంలో విజయం సాధించాడు.
",0
552,"అయితే కథనం మాత్రం పడుతూ లేస్తూ రోలర్‌ కోస్టర్‌ రైడ్‌లా సాగుతుంది.
",0
553,"హీరోలు నాగ్‌, నానిలను ఈ యువ దర్శకుడు పూర్తి స్థాయిలో ఉపయోగించుకున్నాడు.
",0
554,"ఫస్ట్‌ హాఫ్ దేవ, దాస్‌ల మధ్య ఫ్రెండ్‌షిప్‌, కామెడీ ఆకట్టుకున్నా.
",0
555,"ప్రేమకథలు ఆసక్తికరంగా లేకపోవటం నిరాశకలిగిస్తుంది.
",0
556,"చాలా రోజులు తరువాత ఓ స్టార్ హీరో సినిమాకు సంగీతమందించిన మణిశర్మ తన మార్క్‌ చూపించాడు.
",0
557,"నేపథ్య సంగీతం విషయంలో మణిశర్మకు తిరుగులేదని దేవదాస్‌తో మరోసారి ప్రూవ్‌ అయ్యింది.
",0
558,"సినిమాకు మరో మేజర్‌ ప్లస్‌ పాయింట్‌ శ్యామ్‌ దత్‌ సినిమాటోగ్రఫి.
",0
559,"ప్రతీ ఫ్రేమ్‌ కలర్‌ఫుల్‌ గా చూపించేందుకు శ్యామ్‌ పడిన కష్టం తెర మీద కనిపిస్తుంది.
",0
560,"ఎడిటింగ్ విషయంలో ఇంకాస్త దృష్టి పెట్టాల్సింది.
",0
561,"నిర్మాణవిలువలు సినిమా స్థాయికి తగ్గట్టుగా ఉన్నాయి.
",0
562,"రాహుల్ రవీంద్రన్‌ నటుడిగా కొనసాగుతూనే దర్శకుడిగానూ తన అదృష్టాన్ని పరీక్షించుకున్నారు.
",0
563,"అక్కినేని వారసుడు సుశాంత్‌ హీరోగా ‘చి ల సౌ ’ సినిమాను తెరకెక్కించాడు రాహుల్‌.
",0
564,"సెన్సిబుల్‌ ప్రేమకథగా తెరకెక్కిన ‘చి ల సౌ ’ సినిమాను అన్నపూర్ణ బ్యానర్‌పై అక్కినేని నాగార్జున రిలీజ్ చేశారు.
",0
565,"ఈ సినిమాతో సుశాంత్‌ హిట్ ట్రాక్‌లోకి వచ్చాడా.
",0
566,"? దర్శకుడిగా తొలి ప్రయత్నంలో రాహుల్ రవీంద్రన్‌ సక్సెస్‌ అయ్యాడా.
",0
567,"అర్జున్‌ (సుశాంత్)ని ఎలాగైన పెళ్లికి ఒప్పించాలని ప్రయత్నిస్తుంటారు అమ్మానాన్నలు (అను హసన్‌, సంజయ్‌ స్వరూప్‌).
",0
568,"ఇంట్లో పోరు సరిపోలేదన్నట్టుగా తన బెస్ట్‌ ఫ్రెండ్‌ సుజిత్‌ (వెన్నెల కిశోర్‌) కూడా అర్జున్‌ను పెళ్లి చేసుకోమని బలవంతపెడుతుంటాడు.
",0
569,"వీళ్ల పోరు పడలేక ఓ అమ్మాయితో పెళ్లిచూపులుకు ఒప్పుకుంటాడు అర్జున్‌.
",0
570,"రొటీన్‌ పెళ్లి చూపులు లా కాకుండా కాస్త డిఫరెంట్ గా ప్లాన్ చేసిన పేరెంట్స్‌.
",0
571,"అర్జున్‌ను ఒక్కడినే ఇంట్లో ఉంచి అమ్మాయి వస్తుంది మాట్లాడమని చెప్తారు.
",0
572,"అంజలి (రుహాని శర్మ) ఎన్నో బాధ్యతలు ఉన్న మధ్యతరగతి అమ్మాయి.
",0
573,"చిన్నతనంలోనే తండ్రి చనిపోవటంతో కుటుంబానికి తానే పెద్ద దిక్కు అవుతుంది.
",0
574,"అంజలిని చూసిన అర్జున్‌ పెళ్లికి ఒప్పుకున్నాడా.
",0
575,"? లేక తన మాట ప్రకారం ఐదేళ్ల వరకు పెళ్లి వాయిదా వేశాడా.
",0
576,"? అన్నదే మిగతా కథ.
",0
577,"సినిమా అంతా అర్జున్‌, అంజలిల చుట్టూనే తిరుగుతుంది.
",0
578,"అర్జున్‌ పాత్రలో సుశాంత్ సహజంగా నటించాడు.
",0
579,"గత చిత్రాలతో పోలిస్తే మంచి పరిణతి కనబరిచాడు.
",0
580,"కామెడీ టైమింగ్‌తో ఆకట్టుకున్నాడు.
",0
581,"డిఫరెంట్ కాన్సెప్ట్‌ తో తెరకెక్కిన ప్రేమకథ కావటంతో డ్యాన్స్‌లు, ఫైట్లు చేసే ఛాన్స్‌ రాలేదు.
",0
582,"నటన పరంగా మాత్రం ఫుల్‌ మార్క్‌ సాధించాడు సుశాంత్‌.
",0
583,"హీరోయిన్‌ గా పరిచయం అయిన రుహాని శర్మ తొలి సినిమాతోనే సూపర్బ్‌ అనిపించింది.
",0
584,"అర్జున్‌ మీద ఇష్టమున్నా కుటుంబ బాధ్యతల కారణంగా అవుననలేక, కాదనలేక మదన పడే పాత్రలో మంచి నటన కనబరిచింది.
",0
585,"అందం, అభినయం రెండింటితోనూ మెప్పించింది.
",0
586,"వెన్నెల కిశోర్‌ తన మార్క్‌ కామెడీ డైలాగ్స్‌, బాడీ లాంగ్వేజ్‌తో నవ్వించాడు.
",0
587,"హీరోయిన్‌ తల్లిగా రోహిణి, హీరో తల్లి దండ్రులుగా అను హసన్‌, సంజయ్‌ స్వరూప్‌, ఇతర పాత్రల్లో విద్యుల్లేఖ రామన్‌, జయప్రకాష్ తమ పరిధిమేరకు ఆకట్టుకున్నారు.
",0
588,"రొటీన్‌ ప్రేమకథలకు భిన్నంగా పెళ్లిచూపులతో మొదలయ్యే ప్రేమకథతో ఆకట్టుకున్నాడు రాహుల్ రవీంద్రన్‌.
",0
589,"దర్శకుడిగా తొలి ప్రయత్నంలోనే ఓ డిఫరెంట్ సినిమాతో ప్రేక్షకుల ముందుకు వచ్చాడు.
",0
590,"దర్శకుడిగానే కాదు రచయితగానూ మంచి మార్కులు సాధించాడు.
",0
591,"టేకింగ్‌లోనూ కొత్త దనం చూపించాడు.
",0
592,"అయితే ఇద్దరు వ్యక్తుల మధ్య ఒక్క పూటలో జరిగే సంఘటనలు నేపథ్యంలో కథను తయారు చేసుకున్న దర్శకుడు, కథనాన్ని కాస్త నెమ్మదిగా నడిపించాడు.
",0
593,"ఫస్ట్ హాఫ్‌లో వెన్నెల కిశోర్‌, సుశాంత్‌ల కాంబినేషన్‌లో వచ్చే కొన్ని సీన్స్‌ బోరింగ్‌గా అనిపిస్తాయి.
",0
594,"పెళ్లిచూపులు సీన్‌ మొదలైన తరువాత కథనం ఇంట్రస్టింగ్‌ మారుతుంది.
",0
595,"సినిమాకు సినిమాటోగ్రఫి మరో ప్రధాన బలం.
",0
596,"షూటింగ్ పెద్దగా లోకేషన్లు లేకపోయినా ఆకట్టుకునేలా తెరకెక్కించారు.
",0
597,"ప్రశాంత్ విహారి అందించిన సంగీతం బాగుంది.
",0
598,"ముఖ్యంగా నేపథ్య సంగీతం కొత్త అనుభూతి కలిగిస్తుంది.
",0
599,"ఎడిటింగ్‌, నిర్మాణ విలువలు సినిమా స్థాయికి తగ్గట్టుగా ఉన్నాయి.
",0
600,"రంగస్థలం లాంటి ఘనవిజయం తరువాత మెగా పవర్‌ స్టార్ రామ్‌ చరణ్‌ హీరోగా తెరకెక్కిన మాస్ ఎంటర్‌టైనర్‌ వినయ విధేయ రామ.
",0
601,"కమర్షియల్‌ చిత్రాల దర్శకుడు బోయపాటి శ్రీను దర్శకత్వంలో తెరకెక్కిన ఈ సినిమా పై భారీ అంచనాలే ఉన్నాయి.
",0
602,"వరుస ప్రయోగాల తరువాత చరణ్‌ కమర్షియల్ ఎంటర్‌టైనర్‌తో వస్తుండటంతో అభిమానులు కూడా సినిమా కోసం ఎదురుచూస్తున్నారు.
",0
603,"మరి ఇంతటి భారీ అంచనాల మధ్య ప్రేక్షకుల ముందుకు వచ్చిన వినయ విధేయ రామ ప్రేక్షకులను ఏమేరకు ఆకట్టుకుంది.
",0
604,"? రామ్‌చరణ్‌ తన సక్సెస్‌ ట్రాక్‌ను కంటిన్యూ చేశాడా.
",0
605,"? బోయపాటి మాస్‌ ఫార్ములా వర్క్‌ అవుట్‌ అయ్యిందా.
",0
606,"రామ (రామ్‌చరణ్‌)కు తన అన్నలంటే ప్రాణం.
",0
607,"పెద్దవాడు భువన్‌ కుమార్‌(ప్రశాంత్) అంటే అందరికీ గౌరవం.
",0
608,"తన వారి కోసం చదువును భవిష్యత్తును కాదనుకొని అన్నలను పెద్ద చదువులు చదివిస్తాడు రామ.
",0
609,"భువన్‌ కుమార్‌ ఎలక్షన్‌ కమిషనర్‌గా వైజాగ్‌లో పనిచేస్తుండగా పందెం పరుశురాం (ముఖేష్‌ రుషి) అనే వ్యక్తితో గొడవ అవుతుంది.
",0
610,"అన్నల జోలికి ఎవరు వచ్చిన సహించలేని రామ, పరుశురాంని అతడి అనుచరులను కొట్టి ఎలక్షన్లు సజావుగా జరిగేలా చూస్తాడు.
",0
611,"అదే సమయంలో బీహార్‌లోని ఓ ప్రాంతాన్ని తను కనుసైగలతో శాసిస్తున్న వ్యక్తి రాజు భాయ్‌ మున్నా (వివేక్‌ ఒబెరాయ్‌).
",0
612,"రాజు భాయ్‌ తన ప్రాంతంలో ఎలక్షన్‌లే లేకుండా తనకు నచ్చిన వారినే పదువుల్లో పెట్టుకుంటున్నాడని తెలిసి, భువన్‌ కుమార్‌ను అక్కడికి ఎలక్షన్‌ కమీషనర్‌గా పంపిస్తారు.
",0
613,"తనకు ఎవరు ఎదురొచ్చినా అంతం చేసే రాజు భాయ్‌, భువన్‌ కుమార్‌ను ఏం చేశాడు.
",0
614,"? అన్న కోసం రామ ఏం చేశాడు.
",0
615,"? అన్నదే మిగతా కథ.
",0
616,"ధృవ, రంగస్థలం లాంటి ప్రయోగాల తరువాత పక్కా మాస్‌ కమర్షియల్ సినిమాలో నటించిన రామ్‌ చరణ్‌, తన పాత్రకు పూర్తి న్యాయం చేశాడు.
",0
617,"చాలా సన్నివేశాల్లో చిరంజీవిని అనుకరించినట్టుగా అనిపించినా.
",0
618,"రామ పాత్రలో ఒదిగిపోయాడు.
",0
619,"నటుడిగానూ మంచి పరిణతి కనిపించింది.
",0
620,"ముఖ్యంగా యాక్షన్‌ ఎపిసోడ్స్‌లో చరణ్‌ నటన ఆకట్టుకుంటుంది.
",0
621,"హీరోయిన్‌ కియారా అద్వానీ పాత్రకు ఏ మాత్రం ప్రాధాన్యం లేదు.
",0
622,"పాటలు అవసరమైనప్పుడు వచ్చిపోవటం తప్ప పెద్దగా నటనకు ఆస్కారం లేదు.
",0
623,"చాలా కాలం తరువాత తెలుగు తెర మీద కనిపించిన ప్రశాంత్, సెటిల్డ్ పర్ఫామెన్స్‌తో ఆకట్టుకున్నాడు.
",0
624,"వదిన పాత్రలో స్నేహ హుందాగా కనిపించింది.
",0
625,"ఎమోషనల్‌ సీన్స్‌లో ఆమె నటన బాగుంది.
",0
626,"విలన్‌గా వివేక్‌ ఒబెరాయ్‌ తెర మీద కనిపించింది కొద్ది సేపే అయినా ఉన్నంతలో మంచి పర్ఫామెన్స్‌తో ఆకట్టుకున్నాడు.
",0
627,"ఆర్యన్‌ రాజేష్‌, ముఖేష్‌ రుషి, హరీష్ ఉత్తమన్‌, రవి వర్మ, మధునందన్‌ ఇలా చాలా మంది నటులు ఉన్నా ఎవరికీ రెండు మూడు డైలాగ్‌లకు మించి లేవు.
",0
628,"రంగస్థలం లాంటి సూపర్‌ హిట్ తరువాత రామ్‌ చరణ్ నటిస్తున్న సినిమా కావటంతో వినయ విధేయ రామపై భారీ అంచనాలు నెలకొన్నాయి.
",0
629,"అయితే ఆ అంచనాలను అందుకోవటం లో చిత్రయూనిట్ పూర్తిగా విఫలమైంది.
",0
630,"బోయపాటి సినిమా అంటే భారీ యాక్షన్‌ ఎపిసోడ్స్‌, హై ఎమోషన్స్‌ ఎక్స్‌పెక్ట్ చేస్తారు.
",0
631,"అయితే సినిమాలో యాక్షన్‌ కాస్త శ్రుతి మించినట్టుగా అనిపిస్తుంది.
",0
632,"బోయపాటి గత చిత్రాలతో పోలిస్తే ఎమోషనల్‌ సీన్స్‌ కూడా పెద్దగా వర్క్‌ అవుట్ కాలేదు.
",0
633,"తెర నిండా నటీనటులు ఉన్నా ఎవరినీ సరిగ్గా వినియోగించుకోలేదు.
",0
634,"రామ్‌ చరణ్‌ను దృష్టిలో పెట్టుకొని భారీ యాక్షన్‌ ఎపిసోడ్స్‌తో సినిమా చేసే ప్రయత్నంలో కథా కథనాలు పూర్తిగా గాడి తప్పాయి.
",0
635,"హీరోను అంచనాలకు మించి చూపించే ప్రయత్నంలో ఏ మాత్రం నమ్మశక్యంగా లేని పోరాట సన్నివేశాలను డిజైన్‌ చేశారు.
",0
636,"ఒక దశలో యాక్షన్‌ సీన్స్‌ మధ్యలో కథ వచ్చిపోతున్న భావన కలుగుతుంది.
",0
637,"సంగీత దర్శకుడు దేవీ శ్రీ ప్రసాద్‌ కూడా ఆకట్టుకోలేకపోయాడు.
",0
638,"రిషీ పంజాబీ తన సినిమాటోగ్రఫితో సినిమాను కాపాడే ప్రయత్నం చేశాడు.
",0
639,"ఎలివేషన్‌ షాట్స్‌, యాక్షన్‌ ఎపిసోడ్స్‌లో సినిమాటోగ్రఫి ఆకట్టుకుంటుంది.
",0
640,"ఎడిటింగ్‌, నిర్మాణ విలువలు సినిమా స్థాయికి తగ్గట్టుగా ఉన్నాయి.
",0
641,"టాలీవుడ్‌లోనే కాకుండా భారతీయ సినీ పరిశ్రమలో కూడా దర్శకుడు తరుణ్ భాస్కర్‌కు పెళ్లిచూపులు చిత్రం మంచి గుర్తింపు తెచ్చింది.
",0
642,"పెళ్లి చూపులు సినిమాతో సూపర్‌ హిట్ అందుకున్న తరుణ్‌ భాస్కర్‌.
",0
643,"కాస్త గ్యాప్‌ తీసుకొని మరో ఇంట్రస్టింగ్ సినిమాతో ప్రేక్షకుల ముందుకు వచ్చాడు.
",0
644,"పక్కా యూత్‌ ఫుల్‌ ఎంటర్‌టైనర్‌ గా తెరకెక్కిన ఈ నగరానికి ఏమైంది? సినిమాను సురేష్‌ ప్రొడక్షన్స్‌ లాంటి ప్రతిష్టాత్మక సంస్థ నిర్మించటంతో సినిమాపై ఆసక్తి పెరిగింది.
",0
645,"అందుకు తగ్గట్టుగా డిఫరెంట్ ప్రమోషన్స్‌ కూడా సినిమా మీద హైప్‌ క్రియేట్‌ చేశాయి.
",0
646,"పదికి పైగా చిన్న సినిమాలు రిలీజ్  అవుతున్న ఈ శుక్రవారం ప్రేక్షకుల ముందుకు వచ్చిన ఈ సినిమాతో తరుణ్‌ భాస్కర్‌ మరోసారి తన ప్రత్యేకతను చాటుకున్నాడా.
",0
647,"? ఈ నగరానికి ఏమైంది? యాడ్‌ రేంజ్‌లో సినిమా కూడా సక్సస్‌ అయ్యిందా.
",0
648,"ఈ నగరానికి ఏమైంది? నలుగురు మధ్య తరగతి యువకుల కథ.
",0
649,"వివేక్ (విశ్వక్ సేన్ నాయుడు), కార్తిక్ (సుశాంత్ రెడ్డి), కౌశిక్ (అభినవ్ గోమఠం), ఉపేంద్ర (వెంకటేష్ కాకుమాను)లు చిన్నప్పటి నుంచి మంచి స్నేహితులు.
",0
650,"కార్తీక్‌ తాను పనిచేస్తున్న క్లబ్‌ ఓనర్‌ కూతురిని పెళ్ళి చేసుకొని అమెరికాలో సెటిల్‌ అవ్వాలని కలలు కంటుంటాడు.
",0
651,"కౌశిక్‌ డబ్బింగ్ ఆర్టిస్ట్‌గా పనిచేస్తూ ఎప్పటికైనా యాక్టర్‌ అవ్వాలని ప్రయత్నిస్తుంటాడు.
",0
652,"ఉపేంద్ర పెళ్లి క్యాసెట్స్‌ ఎడిటింగ్‌ చేస్తూ ఉంటాడు.
",0
653,"ఈ కథలో కీలకమైన వివేక్‌ దర్శకుడిగా ఎదగటానికి షార్మ్‌ ఫిలింస్ తీసి ప్రూవ్‌ చేసుకోవాలనుకుంటాడు.
",0
654,"కానీ ప్రేమ విఫలం కావటంతో మధ్యానికి బానిసై ఫ్రెండ్స్‌కు దూరంగా ఉంటుంటాడు.
",0
655,"కానీ అనుకున్నట్టుగా కార్తీక్‌కి ఓనర్‌ కూతురితో పెళ్లి కుదరటంతో పార్టీ చేసుకోవడానికి అందరూ ఒక్కటవుతారు.
",0
656,"బార్‌లో ఫ్రెండ్స్‌ అంతా బాగా తాగేసి అనుకొని పరిస్థితుల్లో గోవా వెళ్లిపోతారు.
",0
657,"అలా గోవా చేరిన నలుగురు స్నేహితులు ఏం చేశారు.
",0
658,"? ఈ ప్రయాణం వారికి జీవితం అంటే ఏంటో ఎలా చూపించింది.
",0
659,"? ఈ ట్రిప్ తరువాత వారు ఎలా మారిపోయారు? అన్నదే మిగతా కథ.
",0
660,"సినిమా అంతా నలుగురు కుర్రాళ్ల చుట్టూనే తిరుగుతుంది.
",0
661,"పెద్దగా పరిచయం లేని నటీనటులను ఎంచుకున్న దర్శకుడు వాళ్ల నుంచి సహజమైన నటనను రాబట్టుకున్నాడు.
",0
662,"వివేక్‌ పాత్రలో విశ్వక్‌ సేన్‌ సీరియస్‌నెస్‌ తో పాటు బాధని కూడా పలికించాడు.
",0
663,"సినిమాకు మేజర్‌ ప్లస్ పాయింట్‌ కౌశిక్ పాత్రలో కనిపించిన అభినవ్‌ గోమఠం.
",0
664,"అభినవ్‌ తెర మీద కనిపించిన ప్రతీసారి ప్రేక్షకుడు కడుపుబ్బా నవ్వుకుంటాడు.
",0
665,"చిన్న చిన్న పంచ్ డైలాగ్స్‌తో ఫన్నీ ఎక్స్‌ప్రెషన్స్‌ తో ఆకట్టుకున్నాడు అభినవ్‌.
",0
666,"ఇతర పాత్రల్లో సుశాంత్‌, ఉపేంద్రలు తమ పాత్రలకు న్యాయం చేశారు.
",0
667,"వివేక్‌ ప్రేమ కథలో వచ్చే శిల్ప పాత్రలో సిమ్రాన్‌ చౌదరి అందంగా కనిపించారు.
",0
668,"మోడ్రన్ అమ్మాయిగా అనీషా ఆంబ్రోస్‌ అందం, అభినయంతో ఆకట్టుకుంది.
",0
669,"పెళ్లిచూపులు లాంటి క్లాస్‌ సినిమా తరువాత పక్కా యూత్‌ ఫుల్‌ ఎంటర్‌టైనర్‌ను ఎంచుకున్న దర్శకుడు తరుణ్‌ భాస్కర్‌ ఈ సినిమా కూడా అంతే డిఫరెంట్ గా తెరకెక్కించాడు.
",0
670,"గతంలో తెలుగు తెర మీద చూడని సరికొత్త ట్రీట్మెంట్ ఈ సినిమాలో కనిపిస్తుంది.
",0
671,"ఎక్కడా కావాలని ఇరికించిన ఎమోషన్స్‌, బిల్డప్‌ సీన్స్‌, డ్రామా లేకుండా సినిమా అంతా సహజంగా సాగుతుంది.
",0
672,"నలుగురు స్నేహితుల మధ్య జరిగే సాధారణ కథను ఆసక్తికరంగా తెరమీద చూపించటంలో తరుణ్ భాస్కర్‌ విజయం సాధించాడు.
",0
673,"చాలా సందర్భాల్లో తనలోని రచయిత దర్శకుడిని డామినేట్‌ చేశాడు.
",0
674,"`జీవితమంటే.
",0
675,"నచ్చిన వాళ్లతో ఉంటూ, నాలుగు మెతుకులు తింటూ, నచ్చిన పని చేసుకోవడమే` లాంటి డైలాగ్స్‌ మనసును తాకుతాయి.
",0
676,"ఫ్రెండ్స్‌ మధ్య జరిగే సన్నివేశాలను ఇంట్రస్టింగ్‌గా తెరకెక్కించిన దర్శకుడు.
",0
677,"వివేక్‌ ప్రేమకథ, బ్రేకప్‌ లను చాలా సాదాసీదాగా తెరకెక్కించాడు.
",0
678,"తొలి భాగం కామెడీ సీన్స్‌ తో వేగంగా కథ నడిచినా.
",0
679,"ద్వితీయార్థం కాస్త నెమ్మదించింది.
",0
680,"వివేక్‌ సాగర్ అందించిన పాటలు పరవాలేదనిపించినా.
",0
681,"నేపథ్య సంగీతం ఆకట్టుకుంటుంది.
",0
682,"ఎడిటింగ్ విషయంలో ఇంకాస్త దృష్టి పెట్టాల్సింది.
",0
683,"సినిమాటోగ్రఫి, నిర్మాణ విలువలు బాగున్నాయి.
",0
684,"ఇప్పటికే ఈ ఏడాది రంగ‌స్థలం, అభిమ‌న్యుడు లాంటి సూప‌ర్ హిట్స్‌ అందుకున్న సామ్ మ‌రో సూప‌ర్ హిట్ మీద కన్నేశారు.
",0
685,"కన్నడలో రెండేళ్ల క్రితం ఇదే పేరుతో వచ్చిన సూపర్ హిట్ కు రీమేక్.
",0
686,"లేడీ ఓరియంటెడ్ సినిమాగా తెర‌కెక్కిన యు ట‌ర్న్ కు ఒరిజ‌న‌ల్ వ‌ర్షన్‌కు ద‌ర్శక‌త్వం వ‌హించిన ప‌వ‌న్ కుమారే ద‌ర్శక‌త్వం వ‌హించాడు.
",0
687,"సూప‌ర్ నేచుర‌ల్‌ థ్రిల్లర్ గా ప్రేక్షకుల ముందుకు వ‌చ్చిన యు టర్న్‌తో స‌మంత ఆశించిన విజ‌యం సాధించారా.
",0
688,"? లేడీ ఓరియంటెడ్ సినిమాతో ఆక‌ట్టుకున్నారా.
",0
689,"? కన్నడ ప్రేక్షకులను అలరించిన యు టర్న్‌ తెలుగు ప్రేక్షకులను మెప్పించిందా.
",0
690,"స‌మంత ప్రస్తుతం న‌టిగా ప్రూవ్ చేసుకునేందుకు ప్రయ‌త్నిస్తున్నారు.
",0
691,"అందుకే న‌ట‌నకు ఆస్కారం ఉన్న పాత్రల‌ను మాత్రమే ఎంచుకుంటున్నారు.
",0
692,"యు ట‌ర్న్ సినిమాను ఏరికోరి సెలెక్ట్ చేసుకున్నారు.
",0
693,"తన పర్ఫామెన్స్‌ తో సినిమా స్థాయిని పెంచారు సమంత.
",0
694,"ప్రేమ, భ‌యం, సెంటిమెంట్ ఇలా అన్ని ఎమోష‌న్స్‌ను అద్భుతంగా పండించారు.
",0
695,"డబ్బింగ్‌ విషయంలో ఇంకాస్త దృష్టి పెట్టాల్సింది.
",0
696,"రచనకు సాయంచేసే పోలీస్ పాత్రలో ఆది పినిశెట్టి సరిగ్గా సరిపోయాడు.
",0
697,"పెద్దగా వేరియేష‌న్స్ చూపించే అవ‌కాశం లేక‌పోయినా.
",0
698,"ఉన్నంత‌లో త‌న‌దైన న‌ట‌న‌తో ఆక‌ట్టుకున్నాడు.
",0
699,"భూమిక తెర మీద క‌నిపించింది కొద్ది సేపే అయినా ఉన్నంతో మంచి ఎమోష‌న్స్ పండించారు.
",0
700,"ముఖ్యంగా క్లైమాక్స్ లో భూమిక న‌ట‌న కంట‌త‌డిపెట్టిస్తుంది.
",0
701,"స‌మంత ఫ్రెండ్ పాత్రలో క్రైమ్ రిపోర్టర్ గా రాహుల్ ర‌వీంద్రన్‌ త‌న పాత్రకు పూర్తి న్యాయం చేశాడు.
",0
702,"ఇత‌ర పాత్రలో న‌రేన్, ర‌వి ప్రకాష్‌లు త‌మ ప‌రిధి మేర‌కు ఆక‌ట్టుకున్నారు.
",0
703,"థ్రిల్లర్ జానర్‌లో తెర‌కెక్కే సినిమాల‌ను ఓ సెక్షన్ ఆడియ‌న్స్ ఎప్పుడు ఆద‌రిస్తారు.
",0
704,"క‌న్నడ ఒరిజిన‌ల్ వ‌ర్షన్‌కు దర్శక‌త్వం వ‌హించిన ప‌వ‌న్ కుమార్ తెలుగు వ‌ర్షన్ ను కూడా డైరెక్ట్ చేశారు.
",0
705,"తొలి పది నిమిషాలు కాస్త నెమ్మదిగా మొదలు పెట్టినా.
",0
706,"ఒక్కసారి అసలు కథ మొదలయ్యాక ఆడియన్స్‌ను కట్టిపడేశాడు దర్శకుడు.
",0
707,"ఎక్కడ అనవసరమైన కామెడీ, సాంగ్స్‌ లాంటివి ఇరికించకుండా పర్ఫెక్ట్ థ్రిల్లర్‌లా సినిమాను నడిపించాడు.
",0
708,"పూర్ణ చంద్ర తేజస్వీ సంగీతం సీన్స్‌ను మరింత ఎలివేట్ చేసింది.
",0
709,"బ్యాక్‌గ్రౌండ్‌ స్కోర్‌ సినిమా స్థాయిని పెంచింది.
",0
710,"అయితే సెకండ్‌హాఫ్‌లో కొన్ని ట్వీస్ట్ లు ఆడియన్స్‌ ముందే అంచనా వేయగలిగేలా ఉన్నాయి.
",0
711,"థ్రిల్లర్ సినిమాకు ఇది డ్రాబ‍్యాక్‌ అనే చెప్పాలి.
",0
712,"సినిమాటోగ్రఫి, ఎడిటింగ్‌, నిర్మాణ విలువలు సినిమా స్థాయికి తగ్గట్టుగా ఉన్నాయి.
",0
713,"విలక్షణ దర్శకుడు రామ్‌ గోపాల్‌ వర్మ, కింగ్‌ నాగార్జున దాదాపు పాతికేళ్ల తర్వాత మళ్లీ చేతులు కలిపారు.
",0
714,"ఈ క్రేజీ కాంబోలో తెరకెక్కిన చిత్రమే ఆఫీసర్‌.
",0
715,"కర్ణాటకకు చెందిన ఐపీఎస్‌ ఆఫీసర్‌ ప్రసన్న జీవితం ఆధారంగా ఈ చిత్రాన్ని తెరకెక్కించినట్లు వర్మ చెప్పుకొచ్చాడు.
",0
716,"మరి వీరిద్దరి కాంబోలో తెరకెక్కిన ఈ కాప్‌ యాక్షన్‌ థ్రిల్లర్‌ ప్రేక్షకులను మెప్పించగలిగిందా? వరుస పరాజయాలతో ఉన్న వర్మకు ఊరట లభించిందా? రివ్యూలోకి వెళ్లి చూద్దాం.
",0
717,"ముంబైలో ఉండే పోలీస్ ఆఫీసర్ నారాయణ్‌ పసారి(ఫెరోజ్‌ అబ్బాసీ) ముంబైలో ఎన్‌కౌంటర్‌ స్పెషలిస్ట్‌.
",0
718,"వరుస ఎన్‌కౌంటర్‌లతో ముంబైలో మాఫియా అనేది లేకుండా చేస్తుంటాడు.
",0
719,"దీంతో ప్రజల్లో అతనికి ఫ్యాన్‌ ఫాలోయింగ్‌ ఏర్పడుతుంది.
",0
720,"అయితే అదే సమయంలో నారాయణ ఓ ఫేక్‌ ఎన్‌కౌంటర్‌ కేసులో చిక్కుకుంటాడు.
",0
721,"ఇందులో నిజానిజాలు నిగ్గు తేల్చేందుకు హైదరాబాద్ నుంచి స్పెషల్ ఆఫీసర్ శివాజీ రావు(నాగార్జున)ను అపాయింట్ చేస్తుంది కోర్ట్.
",0
722,"విచారణలో పసారికి అండర్‌ వరల్డ్‌తో సంబంధాలు ఉన్నట్లు తేలుతుంది.
",0
723,"దీంతో పసారిని అరెస్ట్‌ చేసి కోర్టు బోనులో నిలబెడతాడు శివాజీ.
",0
724,"అయితే తన నెట్‌వర్క్‌ను ఉపయోగించి పసారి నిర్దోషిగా బయటపడతాడు.
",0
725,"కేసు ఓడిపోవటం ఇష్టం లేని శివాజీ ముంబై క్రైమ్‌ బ్రాంచ్‌కు ట్రాన్స్‌ఫర్‌ చేయించుకుని అక్కడే ఉండిపోతాడు.
",0
726,"తనని అరెస్ట్‌ చేయించాడన్న పగతో పసారి.
",0
727,"శివాజీపై పగబడతాడు.
",0
728,"అక్కడి నుంచి వీరిద్దరి మధ్య వార్‌ మొదలౌతుంది.
",0
729,"తర్వాత జరిగే పరిణామాలు, మధ్యలో ఓ ట్విస్ట్‌, చివరకు యుద్ధంలో గెలుపు ఎవరిది? అన్నదే ఆఫీసర్‌ చిత్ర కథ.
",0
730,"సీరియస్‌ పోలీసాఫీసర్‌ పాత్రలో నాగార్జున మెప్పించాడు.
",0
731,"థ్రిల్లర్‌ సినిమాకు కావాల్సిన ఇంటెన్సిటీని తన నటనలో చూపించాడు.
",0
732,"ఈ వయసులో కూడా ఫిట్‌గా కనిపించాడు.
",0
733,"శివాజీ పాత్రకు తన వంతు న్యాయం చేశాడు.
",0
734,"ఇక హీరోయిన్‌ సైరా మరీన్‌ది చిన్న పాత్రే.
",0
735,"నటనపరంగా ఫర్వాలేదనిపించింది.
",0
736,"నెగటివ్‌ రోల్‌తో ఫెరోజ్‌ అబ్బాసీ మెప్పించాడు.
",0
737,"అవినీతి అధికారిగా పసారీ పాత్రలో ఆకట్టుకున్నాడు.
",0
738,"బేబీ కావ్య నటన బావుంది.
",0
739,"అజయ్‌ తప్ప మిగతా పాత్రలన్నీ తెలుగు ప్రేక్షకులకు అంతగా తెలియనివే.
",0
740,"విశ్లేషణ.
",0
741,"నాగార్జున, రామ్‌ గోపాల్‌ వర్మ కాంబోలో సినిమా అనౌన్స్‌ చేసినప్పుడు ప్రేక్షకుల్లో అంచనాలు పెరిగిపోయాయి.
",0
742,"అయితే టీజర్‌, ట్రైలర్‌ రిలీజ్‌ అయ్యాక ఆ అంచనాలపై ఒకరకమైన అనుమానాలు మొదలయ్యాయి.
",0
743,"నాగార్జున-విలన్‌ పాత్రలను తీర్చి దిద్దిన తీరు, ఫస్టాఫ్‌లో డిఫరెంట్‌ స్టోరీ లైన్‌ చిత్రంపై ప్రేక్షకుల్లో ఆసక్తిని పెంచుతాయి.
",0
744,"కానీ, సెకండాఫ్‌లో వర్మ ఆ అంచనాలను కొనసాగించలేకపోయాడు.
",0
745,"నెమ్మదిగా సాగే కథనం, పాటలు ప్రేక్షకులకు చికాకు పుట్టిస్తాయి.
",0
746,"పోలీసాఫీసర్‌ అయిన విలన్‌.
",0
747,"మాఫియాతో చేతులు కలిపి హీరోపై పగ తీర్చుకోవాలని చేసే యత్నాలు సిల్లీగా అనిపిస్తాయి.
",0
748,"సెకండ్‌ హాఫ్‌లో కథ మరీ నెమ్మదిగా సాగటం ప్రేక్షకుల సహనాన్ని పరీక్షిస్తుంది.
",0
749,"క్లైమాక్స్‌లో మాత్రం హీరోయిజం బాగుంది.
",0
750,"సాంగ్స్‌తో మ్యూజిక్‌ డైరెక్టర్‌ రవి శంకర్‌ నిరాశపరచగా.
",0
751,"బ్యాక్‌ గ్రౌండ్‌ స్కోర్‌తో బిస్వాస్‌ ఆకట్టుకున్నాడు.
",0
752,"చాలా సందర్భాల్లో సౌండ్‌ థ్రిల్‌ చేస్తూ ప్రేక్షకులకు కొత్త అనుభూతిని ఇస్తుంది.
",0
753,"ఈ ప్రయోగంలో వర్మను అభినందించొచ్చు.
",0
754,"నిర్మాణ విలువలు ఆకట్టుకునేలా లేవు.
",0
755,"తాను అనుకున్న కథను సిన్సియర్‌గా తెరకెక్కించిన వర్మ.
",0
756,"థ్రిల్లర్‌ సినిమాకు కావాల్సిన వేగాన్ని మాత్రం అందించలేకపోయాడు.
",0
757,"లాజిక్‌లు మాట్లాడే వర్మ.
",0
758,"కొన్ని సన్నివేశాల్లో ఇంటలిజెన్సీకి అవకాశం ఉన్నప్పటికీ ఆ దిశగా ఆలోచన చేయలేకపోయాడు.
",0
759,"మొత్తానికి నాగ్‌ ఇచ్చిన అవకాశాన్ని దర్శకుడు వర్మ పూర్తిస్థాయిలో సద్వినియోగం చేసుకోలేదనే చెప్పొచ్చు.
",0
760,"ఫ్లస్‌ పాయింట్లు.
",0
761,"నాగార్జు.
",0
762,"డిఫరెంట్‌ స్టోరీ లైన్‌.
",0
763,"మైనస్‌ పాయింట్లు.
",0
764,"క్యారెక్టర్లను బలంగా తీర్చిదిద్దలేకపోవట.
",0
765,"ఎంగేజింగ్ గా లేని స్క్రీన్ ప్ల.
",0
766,"సెకండాఫ్‌లో నారేషన్‌.
",0
767,"స్టార్ ఇమేజ్‌ను కాకుండా కథా బలాన్ని నమ్ముకొని సినిమాలు తెరకెక్కించే దర్శకుడు ఇంద్రగంటి మోహనకృష్ణ.
",0
768,"అష్టాచమ్మా, జెంటిల్‌మన్‌, అమీతుమీ లాంటి సినిమాలతో ఆకట్టుకున్న మోహనకృష్ణ ఈ సారి సమ్మోహన పరిచే ప్రేమకథతో ప్రేక్షకుల ముందుకు వచ్చాడు.
",0
769,"సుధీర్‌ బాబు హీరోగా అదితిరావు హైదరీని హీరోయిన్‌గా తెలుగు తెరకు పరిచయం చేస్తూ తెరకెక్కించిన సమ్మోహనం నిజంగానే సమ్మోహన పరిచిందా.
",0
770,"? మోహనకృష్ణ మరోసారి తన మ్యాజిక్‌ను రిపీట్ చేశారా.
",0
771,"? లవర్‌ బాయ్‌గా సుధీర్ బాబు ఏ మేరకు ఆకట్టుకున్నాడు.
",0
772,"ఆర్‌ విజయ్‌ కుమార్‌ అలియాస్‌ విజ్జు (సుధీర్‌ బాబు) పిల్లల పుస్తకాల కోసం బొమ్మలు వేసే పెయింటింగ్ ఆర్టిస్ట్.
",0
773,"అందరు అబ్బాయిల్లా గర్ల్‌ ఫ్రెండ్స్‌, సినిమాలు అంటూ తిరగటం ఇష్టం లేని కుర్రాడు.
",0
774,"కాస్త భిన్నంగా ఆలోచించే అలవాటున్న విజ్జు బొమ్మలతొ చిన్నపిల్లల కథల పుస్తకం గీస్తుంటాడు.
",0
775,"ఎలాగైన ‘అనగనగా పబ్లికేషన్స్‌’ ద్వారా తన బొమ్మల పుస్తకాన్ని విడుదల చేయించే ప్రయత్నాల్లో ఉంటాడు.
",0
776,"సర్వేష్(సీనియర్‌ నరేష్‌), విజ్జు తండ్రి సినిమాల మీద ఇష్టంతో వాలెంటరీ రిటైర్మెంట్‌తీసుకొని మరి సినిమా ప్రయాత్నాలు చేస్తుంటాడు.
",0
777,"తన ఇంట్లో షూటింగ్ చేసుకోనిస్తే వేషం ఇస్తానని చెప్పటంతో ఓ సినిమా షూటింగ్‌కు ఇల్లు ఫ్రీగా ఇచ్చేస్తాడు సర్వేష్‌.
",0
778,"ఆ సినిమాలో హీరోయిన్‌ సమీరా రాథోడ్‌ (అదితి రావు హైదరీ).
",0
779,"షూటింగ్ ప్రారంభమైన తరువాత తెలుగు మాట్లాడేందుకు ఇబ్బంది పడుతున్న సమీరాకు విజ్జు కోచింగ్‌ ఇస్తాడు.
",0
780,"ఈ ప్రాసెస్‌లో ఒకరి మీద ఒకరికి ఇష్టం కలుగుతుంది.
",0
781,"షూటింగ్ తరువాత కూడా సమీరాను మర్చిపోలేని విజ్జు ఆమెను కలిసేందుకు కులుమనాలీ వెళ్లి తన ప్రేమ విషయం చెపుతాడు.
",0
782,"కానీ సమీరా తనకు అలాంటి ఉద్దేశం లేదని చెప్పటంతో విజ్జు సమీరా మీద కోపం పెంచుకుంటాడు.
",0
783,"అలా దూరమైన సమీరా, విజ్జులు తిరిగి ఎలా ఒక్కటయ్యారు.
",0
784,"? అసలు సమీరా, విజ్జు అంటే ఇష్టం లేదని ఎందుకు చెప్పింది.
",0
785,"? అన్నదే మిగతా కథ.
",0
786,"సుధీర్ బాబు మొన్న ప్రీ రిలీజ్ ఫంక్షన్ లో చెప్పినట్టు ఇంకా ఇతను ప్రూవ్ చేసుకోవాల్సినది చాలా ఉంది.
",0
787,"విజయ్‌ పాత్రలో సుధీర్‌ బాబు ఒదిగిపోయాడు.
",0
788,"గత చిత్రాలతో పోలిస్తే నటనలో మంచి పరిణతి కనబరిచాడు.
",0
789,"ఎమోషనల్‌ సీన్స్‌లోనూ అ‍ద్భుతంగా నటించి ఆకట్టుకున్నాడు.
",0
790,"సమీరా పాత్రలో అదితి రావు హైదరీ జీవించారు.
",0
791,"స్టార్‌ ఇమేజ్‌, ప్రేమ, వేదింపుల మధ్య నలిగిపోయే అమ్మాయిగా అన్ని ఎమోషన్స్‌ను చాలా బాగా చూపించారు.
",0
792,"హీరో తండ్రి పాత్రలో సీనియర్‌ నరేష్‌ సినిమాకు ప్లస్ అయ్యారు.
",0
793,"కామెడీ టైమింగ్‌తో అదరగొట్టారు.
",0
794,"హీరో తల్లి పాత్రలో పవిత్రా లోకేష్‌ హుందాగా కనిపించారు.
",0
795,"ముఖ్యంగా సుధీర్‌ బాబు, పవిత్రా లోకేష్ మధ్య వచ్చే సన్నివేశాలు మనసుకు హత్తుకుంటాయి.
",0
796,"హీరో ఫ్రెండ్స్‌గా రాహుల్‌ రామకృష్ణ, అభయ్‌ తమ పరిధి మేరకు ఆకట్టుకున్నారు.
",0
797,"ఇతర పాత్రలో తనికెళ్ల భరణి, హరితేజ, నందు తమ పాత్రలకు న్యాయం చేశారు.
",0
798,"విశ్లేషణ .
",0
799,"సమ్మోహనం అనే టైటిల్‌తోనే ఆకట్టుకున్న దర్శకుడు ఇంద్రగంటి మోహనకృష్ణ కథా కథనాలతో సమ్మోహనం అనిపించేంత కాకున్నా ఓ మాదిరిగా ఓపిక చేసుకుని చూసుకోగలిగితే కొంత వరకు ఒప్పించే సినిమా ఇది.
",0
800,"ప్రేమకథకు బలమైన ఎమోషన్స్‌, కామెడీని జోడించి మనసుకు హత్తుకునేలా తెరకెక్కించారు.
",0
801,"ముఖ్యంగా తొలి భాగంలో హీరో ఇంట్లో షూటింగ్ సమయంలో వచ్చే సన్నివేశాలు కడుపుబ్బా నవ్విస్తాయి.
",0
802,"సినిమా వాళ్ల మీద వేసిన పంచ్‌లు బాగా పేలాయి.
",0
803,"ప్రేమకథ మొదలైన తరువాత కథనంలో కాస్త వేగం తగ్గింది.
",0
804,"ఆ లోటును సంగీత దర్శకుడు వివేక్‌ సాగర్‌ తన మెలోడియస్‌ మ్యూజిక్‌తో కవర్‌ చేశాడు.
",0
805,"ప్రతీ పాట కథలో భాగంగా వస్తూ అలరిస్తుంది.
",0
806,"నేపథ్య సంగీతం కూడా సినిమా మూడ్‌కు తగ్గట్టుగా ఉంది.
",0
807,"సినిమాకు మరో మేజర్‌ ప్లస్‌ పాయింట్‌ డైలాగ్స్‌.
",0
808,"చాలా సందర్భాల్లో డైలాగ్స్‌ మన జీవితాల నుంచి తీసుకున్నట్టుగా అనిపిస్తాయి, ఆలోచింపచేస్తాయి.
",0
809,"పీజీ విందా సినిమాటోగ్రఫి సినిమాకు మరింత గ్లామర్ తీసుకువచ్చింది.
",0
810,"ఎడిటింగ్‌ విషయంలో ఇంకాస్త దృష్టి పెట్టాల్సింది.
",0
811,"నిర్మాణ విలువలు బాగున్నాయి.
",0
812,"విజయ్‌ దేవరకొండ హీరోగా తెరకెక్కిన సూపర్‌ నేచురల్‌ థ్రిల్లర్‌ మూవీ టాక్సీవాలా.
",0
813,"నోటా సినిమాతో నిరాశపరిచిన విజయ్‌ ఈ సినిమా మీద చాలా ఆశలే పెట్టుకున్నాడు.
",0
814,"అయితే సినిమా రిలీజ్‌ కన్నా చాలా రోజుల ముందే ఆన్‌లైన్‌ లో రిలీజ్ కావటంతో రిజల్ట్‌ ఎలా ఉండబోతుందన్న ఆందోళనలో ఉన్నారు చిత్రయూనిట్‌.
",0
815,"ఇప్పటికే చాలా వాయిదాల తరువాత ప్రేక్షకుల ముందుకు వచ్చిన టాక్సీవాలా ఏ మేరకు ఆకట్టుకుంది.
",0
816,"? విజయ్‌ దేవరకొండ మరోసారి తన ఫాం చూపించాడా.
",0
817,"శివ (విజయ్‌ దేవరకొండ) అతి కష్టమీద ఐదేళ్లపాటు చదివి డిగ్రీ పూర్తిచేసిన కుర్రాడు.
",0
818,"అన్నా వదినలకు భారం కాకూడదని హైదరాబాద్‌లో ఉన్న ఫ్రెండ్‌(మధు నందన్‌) దగ్గరకు ఉద్యోగం కోసం వచ్చేస్తాడు.
",0
819,"ముందు ఒకటి రెండు జాబ్స్‌ ట్రై చేసిన వర్క్‌ అవుట్ కాకపోవటంతో క్యాబ్‌ డ్రైవర్‌గా పని చేయాలనకుంటాడు.
",0
820,"తన వదిన బంగారం అమ్మి ఇచ్చిన డబ్బుతో ఓ పాత కారును కొని టాక్సీగా మారుస్తాడు.
",0
821,"టాక్సీ తొలి రైడ్‌లోనే అను అమ్మాయితో ప్రేమలో పడతాడు.
",0
822,"అంతా హ్యాపీగా సాగుతుందనుకున్న సమయంలో ఆ టాక్సీలో దెయ్యం ఉందని తెలుస్తుంది.
",0
823,"నిజంగానే టాక్సీలో దెయ్యం ఉందా.
",0
824,"? ఈ పరిస్థితుల్లో శివ ఏం చేశాడు.
",0
825,"? అసలు టాక్సీలో ఉన్న ఆ పవర్‌ ఏంటి.
",0
826,"? ఈ కథతో అను (ప్రియాంక జవాల్కర్‌), శిశిర (మాళవిక నాయర్‌)లకు ఉన్న సంబంధం ఏంటి.
",0
827,"? అన్నదే మిగతా కథ.
",0
828,"విజయ్‌ దేవరకొండ మరోసారి తన యాటిట్యూడ్‌తో ఆకట్టుకున్నాడు.
",0
829,"హీరోయిజం, స్టైల్‌తో పాటు ఎమోషన్స్‌, భయం కూడా చాలా బాగా చూపించాడు.
",0
830,"ముఖ్యంగా ప్రీ క్లైమాక్స్‌, క్లైమాక్స్‌  సన్నివేశాల్లో విజయ్‌ నటన సూపర్బ్‌ అనిపిస్తుంది.
",0
831,"హీరోయిన్‌గా పరిచయం అయిన ప్రియాంక గ్లామర్‌ రోల్‌ లో ఆకట్టుకుంది.
",0
832,"ఆమె పాత్రకు పెద్దగా ఇంపార్టెన్స్‌ లేకపోవటంతో పర్ఫామెన్స్‌కు స్కోప్‌ లేదు.
",0
833,"మాళవిక నాయర్‌కు మరోసారి నటనకు ఆస్కారం ఉన్న పాత్ర దక్కింది.
",0
834,"హీరో ఫ్రెండ్‌గా నటించిన మధుసూదన్‌ మంచి కామెడీ టైమింగ్‌తో నవ్వించాడు.
",0
835,"ఇతర పాత్రల్లో శిజు, కళ్యాణీ, యమున, రవివర్మ, రవిప్రకాష్‌, ఉత్తేజ్‌లు తమ పాత్రలకు పూర్తి న్యాయం చేశారు.
",0
836,"తెలుగులో పెద్దగా కనిపించని సూపర్‌నేచురల్ థ్రిల్లర్‌ కాన్సెప్ట్‌ ఎంచుకున్న దర్శకుడు రాహుల్‌, అనుకున్న కథను తెర మీద చూపించటంలో విజయం సాధించాడు.
",0
837,"రెగ్యులర్ గా అనిపించే రివెంజ్ ఫార్ములా ఉన్నప్పటికీ టేకింగ్ తో ఓ కొత్త అనుభూతినివ్వాలనే దర్శకుడు రాహుల్ సంక్రీత్యాన్ ప్రయత్నం కొంతవరకే సఫలమయ్యింది.
",0
838,"సినిమాకు ప్రధాన బలం కామెడీ.
",0
839,"ముఖ్యం ఫస్ట్‌ హాఫ్ అంతా హీరో, ఫ్రెండ్స్‌ మధ్య వచ్చే సన్నివేశాలతో సరదాగా సాగిపోతుంది.
",0
840,"సెకండ్‌ హాఫ్‌ ఎంటర్‌టైన్మెంట్‌ కాస్త తగ్గినా మార్చురీ సీన్‌ సూపర్బ్ అనిపిస్తుంది.
",0
841,"క్లైమాక్స్‌ లో వచ్చే ఎమోషనల్‌ సీన్స్‌ కంటతడి పెట్టిస్తాయి.
",0
842,"సుజిత్‌ సారంగ్‌ సినిమా మూడ్‌కు తగ్గ విజువల్స్‌తో మెప్పించాడు.
",0
843,"ఒక్క ‘మాటే వినుదుగా’ పాట తప్ప మిగతా పాటలేవి గుర్తుండేలా లేవు.
",0
844,"నేపథ్య సంగీతం బాగుంది.
",0
845,"ఎడిటింగ్‌ నిర్మాణ విలువలు సినిమా స్థాయికి తగ్గట్టుగా ఉన్నాయి.
",0
846,"ఎన్టీఆర్‌, త్రివిక్రమ్‌ కాంబినేషన్‌లో సినిమా చూసేందుకు అభిమానులు చాలా కాలంగా ఎదురుచూస్తున్నారు.
",0
847,"ఎన్టీఆర్‌ కూడా త్రివిక్రమ్‌ కలిసి వర్క్‌ చేసేందుకు చాలా రోజులుగా ప్రయత్నాలు చేశాడు.
",0
848,"ఇటీవల మాస్‌ ఫార్ములాను పక్కన పెట్టి వరుస విజయాలు సాధిస్తున్న తారక్‌, ఫైనల్‌గా తాను అనుకున్నట్టుగా త్రివిక్రమ్‌తో అరవింద సమేత వీర రాఘవ సినిమా చేశాడు.
",0
849,"అజ్ఞాతవాసి లాంటి డిజాస్టర్‌ తరువాత కూడా మాటల మాంత్రికుడిని నమ్మి అవకాశం ఇచ్చాడు.
",0
850,"దీంతో ఈ సినిమాపై భారీ హైప్‌ క్రియేట్‌ అయ్యింది.
",0
851,"టీజర్‌, ట్రైలర్‌ సినిమా మీద అంచనాలను మరింతగా పెంచేశాయి.
",0
852,"మరి అంచనాలు అరవింద సమేత అందుకుందా.
",0
853,"? ఎన్టీఆర్ మరోసారి తన నట విశ్వరూపం చూపించాడా.
",0
854,"? త్రివిక్రమ్‌ తన మార్క్‌ డైలాగ్స్‌, టేకింగ్‌తో పాత ఫామ్‌ను అందుకున్నాడా?.
",0
855,"‘అరవింద సమేత వీర రాఘవ’ నల్లగుడి, కొమ్మద్ది అనే రెండు గ్రామాల మధ్య జరిగే ఫ్యాక్షన్ కథ.
",0
856,"నల్లగుడి ఊరి పెద్ద బసి రెడ్డి(జగపతి బాబు), కొమ్మద్ది ఊరి పెద్ద నారప రెడ్డి (నాగబాబు).
",0
857,"ఓ చిన్న గొడవ కారణంగా రెండు గ్రామాల మధ్య వైరం మొదలయి 30 ఏళ్ల పాటు ఊళ్లను నాశనం చేస్తాయి.
",0
858,"12 ఏళ‍్ల పాటు లండన్‌లో ఉన్న నారపరెడ్డి కుమారుడు వీర రాఘవ రెడ్డి(ఎన్టీఆర్‌) ఊరికి తిరిగి వస్తాడు.
",0
859,"కొడుకును ఇంటికి తీసుకెళ్తుండగా బసిరెడ్డి మనుషులు దాడి చేసి నారప రెడ్డిని చంపేస్తారు.
",0
860,"వీర రాఘవ రెడ్డి తిరగబడి అందరినీ నరికేస్తాడు.
",0
861,"కాని తరువాత భామ్మ మాటలతో ఊరి జనాలను మార్చాలని, ఫ్యాక్షన్‌కు దూరంగా ఉండాలని హైదరాబాద్‌ వెళ్లిపోతాడు.
",0
862,"అక్కడే అరవింద(పూజా హెగ్డే) తో ప్రేమలో పడతాడు.
",0
863,"అరవిందను ఓ ప్రమాదం నుంచి కాపాడటంతో కథ మలుపు తిరుగుతుంది.
",0
864,"అరవింద సాయంతో రెండు గ్రామాల మధ్య గొడవలను, కక్షలను చల్లార్చేందుకు ప్రయత్నిస్తాడు.
",0
865,"ఈ ప్రయత్నంలో వీర రాఘవకు ఎదురైన సమస్యలేంటి.
",0
866,"? అన్నదే మిగతా కథ.
",0
867,"ఎన్టీఆర్‌ సినిమా అంటేనే వన్‌ మెన్‌ షోలా సాగుతుంది.
",0
868,"ఈ సినిమా కూడా అందుకు మినహాయింపేమి కాదు.
",0
869,"చాలా మంది నటీనటులు ఉన్నా.
",0
870,"ఎన్టీఆర్‌ అంతా తానే అయ్యి సినిమాను నడిపించాడు.
",0
871,"ఎమోషన్స్‌, యాక్షన్‌, రొమాన్స్‌ ఇలా ప్రతీ భావాన్ని అద్భుతంగా పలికించాడు.
",0
872,"అంతేకాదు రాయలసీమ యాసలో డైలాగ్స్‌ చెప్పేందుకు ఎన్టీఆర్‌ చూపించిన డెడికేషన్‌ స్క్రీన్‌ మీద కొట్టొచ్చినట్టు కనిపిస్తుంది, వినిపిస్తుంది.
",0
873,"లుక్స్‌పరంగానూ ఎన్టీఆర్‌ పడిన కష్టం సినిమాకు ప్లస్‌ అయ్యింది.
",0
874,"హీరోయిన్‌గా పూజా హెగ్డే ఆకట్టుకుంది.
",0
875,"నటనకు పెద్దగా ఆస్కారం లేకపోయినా కథను మలుపు తిప్పే కీలక పాత్రలో ఆమె ఆకట్టుకుంటుంది.
",0
876,"గ్లామర్‌ పరంగానూ మంచి మార్కులు సాధించింది.
",0
877,"విలన్‌ పాత్రలో జగపతి బాబు జీవించాడు.
",0
878,"లుక్స్‌ పరంగానూ భయపెట్టాడు.
",0
879,"యంగ్ హీరో నవీన్‌ చంద్ర తనదైన నటనతో ఆకట్టుకున్నాడు.
",0
880,"కమెడియన్‌గా టర్న్‌ అయిన సునీల్ అక్కడక్కడా నవ్వించే ప్రయత్నం చేశాడు.
",0
881,"నాగబాబుకు చాలా కాలం తరువాత మంచి పాత్ర దక్కింది.
",0
882,"రావూ రమేష్‌, దేవయాని, సుప్రియా పాతక్‌, ఈషా రెబ్బా, శుభలేక సుధాకర్‌, ‍బ్రహ్మాజీలు తమ పాత్రలకు పూర్తి న్యాయం చేశారు.
",0
883,"త్రివిక్రమ్, ఎన్టీఆర్‌ కాంబినేషన్‌లో సినిమా వస్తుందంటేనే భారీ అంచనాలు ఏర్పడ్డాయి.
",0
884,"ఆ అంచనాలకు తగ్గట్టు అన్ని ఎలిమెంట్స్‌ ఉండేలా ఓ పర్ఫెక్ట్ ఫ్యాకేజ్‌తో ప్రేక్షకుల ముందుకు వచ్చాడు త్రివిక్రమ్‌.
",0
885,"అభిమానులు తన నుంచి ఎక్స్‌పెక్ట్‌ చేసే డైలాగ్స్‌, ఎమోషన్స్‌తో పాటు, ఎన్టీఆర్‌ మార్క్‌ మాస్‌ ఎలిమెంట్స్‌ కూడా మిస్‌ అవ్వకుండా జాగ్రత్త పడ్డాడు.
",0
886,"ఎన్టీఆర్‌ను అభిమానులు ఏ స్థాయిలో చూడాలనుకుంటున్నారో అంతకు మించి చూపించే ప్రయత్నం చేశాడు.
",0
887,"అయితే రొటీన్‌ కథ కావటంతో కొంత నిరాశ కలిగిస్తుంది.
",0
888,"త్రివిక్రమ్‌ గత చిత్రాలతో పోలిస్తే ఎంటర్‌టైన్మెంట్‌ కూడా తక్కువే.
",0
889,"తొలి ఇరవై నిమిషాల్లో సినిమాను ఎక్కడికో తీసుకెళ్లినా.
",0
890,"తరువాత ఆ వేగం కనిపించలేదు.
",0
891,"ముఖ్యంగా లవ్‌ స్టోరి సాగదీసినట్టుగా అనిపిస్తుంది.
",0
892,"అయితే త్రివిక్రమ్‌ మార్క్‌ డైలాగ్స్‌, టేకింగ్ అలరిస్తాయి.
",0
893,"ద్వితీయార్థం ఎమోషనల్‌ సీన్స్‌తో భారంగా సాగుతుంది.
",0
894,"ప్రీ క్లైమాక్స్‌ నుంచి తిరిగి వేగం అందుకుంటుంది.
",0
895,"తమన్‌ సంగీతం సినిమాకు మరో ప్లస్‌ పాయింట్‌.
",0
896,"పాటలతో రిలీజ్‌కు ముందే ఆకట్టుకున్న తమన్‌.
",0
897,"నేపథ్య సంగీతంతో సినిమా రేంజ్‌నే మార్చేశాడు.
",0
898,"యాక్షన్‌, ఎమోషనల్‌ సీన్స్‌ లో తమన్‌ బ్యాక్‌గ్రౌండ్‌ స్కోర్‌ సూపర్బ్‌.
",0
899,"పీఎస్‌ విందా సినిమాటోగ్రపి సినిమాకు మరో ఎసెట్‌.
",0
900,"రాయలసీమ వాతావరణాన్ని కళ్లకు కట్టినట్టుగా తెర మీద ఆవిష్కరించాడు విందా.
",0
901,"ఎడిటింగ్‌, నిర్మాణ విలువలు సినిమా స్థాయికి తగ్గట్టుగా ఉన్నాయి.
",0
902,"ఇండియా గర్వించదగ్గ దర్శకుడు శంకర్‌, ఇండియన్ సూపర్‌స్టార్‌ రజనీకాంత్‌, సక్సెస్‌లో ఉన్న నార్త్‌ స్టార్‌ అక్షయ్‌కుమార్‌.
",0
903,"ఇవే కాక త్రీడీ, 4డీ సౌండ్‌ సిస్టమ్‌, భారీ విజువల్‌ ఎఫెక్ట్స్‌ ఇలాంటి ఎన్నో స్పెషాలిటీస్‌తో వస్తోన్న చిత్రం ‘2:0’.
",0
904,"మామూలుగా రజనీ సినిమా వస్తోందంటేనే అభిమానుల సంబరాలకు హద్దులుండవు.
",0
905,"ఇక శంకర్‌ కాంబినేషన్‌లో తలైవా వస్తున్నాడంటే బాక్సాఫీస్ కూడా హడలెత్తిపోతుంది.
",0
906,"గతంలో వీరి కాంబినేషన్‌లో వచ్చిన శివాజీ, రోబో కలెక్షన్ల వర్షం కురిపించాయి.
",0
907,"ఓ’ అంచనాలను అందుకుందా? బాహుబలి రికార్డులను చిట్టి బద్దలుకొట్టనున్నాడా?  శంకర్‌ మరోసారి తన విజన్‌తో మ్యాజిక్‌ చేశాడా?.
",0
908,"ఇవన్ని తెలియాలంటే ఓ సారి కథలోకి వెళ్దాం.
",0
909,"హఠాత్తుగా నగరంలోని సెల్‌ఫోన్లు మాయమవుతుంటాయి.
",0
910,"మనుషులు మాట్లాడుతుంటే వారి చేతుల్లోంచి కూడా ఫోన్లు ఎగిరిపోతుంటాయి.
",0
911,"అయితే ఈ సమస్య ఎందుకు ఎదురైంది? ఎలా పరిష్కరించాలో ఎవరికీ అంతుపట్టదు.
",0
912,"ఈ పరిణామాలకు కారణాలేంటో శాస్త్రవేత్తలు కూడా కనిపెట్టలేకపోతారు.
",0
913,"అలా మాయమైపోయిన సెల్‌ఫోన్స్‌ అన్ని కలిసి ఓ సెల్‌ ఫోన్‌ వ్యాపారిని, ఓ మొబైల్‌ నెట్‌వర్క్‌ ఓనర్‌ని దారుణంగా హత్య చేస్తాయి.
",0
914,"ఈ ఉపద్రవాన్ని ఎదుర్కొవటానికి ప్రభుత్వం ఓ అత్యవసర సమావేశాన్ని ఏర్పాటు చేస్తుంది.
",0
915,"మిలటరీ సాయంతో సెల్‌ఫోన్‌ దాడిని ఎదుర్కోవాలని ప్రయత్నిస్తారు.
",0
916,"కానీ ఆ ప్రయత్నం కూడా ఫలించదు.
",0
917,"డా వసీకరణ్‌ (రజనీకాంత్‌) రంగంలోకి దిగి దీన్ని చిట్టి మాత్రమే పరిష్కరించగలడని భావించి.
",0
918,"మళ్లీ దానికి ప్రాణం పోస్తాడు.
",0
919,"తిరిగి ప్రాణం పోసుకున్న చిట్టి సాయంతో ఈ విధ్వంసానికి కారణం చనిపోయిన పక్షిరాజా అని తెలుసుకోని ఆ నెగెటివ్‌ ఎనర్జీని బంధించే ప్రయత్నం చేశాడు.
",0
920,"ఈ ప్రయత్నంలో వసీకరణ్‌ విజయం సాధించాడా.
",0
921,"? అసలు పక్షిరాజా సెల్‌ఫోన్స్‌ను ఎందుకు మాయం చేస్తున్నాడు.
",0
922,"? ఎందుకు హత్యలు చేస్తున్నాడు.
",0
923,"ఓ’ రావల్సిన అవసరం ఎందుకు వచ్చింది? అన్నది తెరపై చూడాల్సిందే.
",0
924,"సూపర్‌స్టార్‌ రజనీకాంత్‌, బాలీవుడ్‌ స్టార్‌ అక్షయ్‌ కుమార్‌ల చుట్టూనే కథ నడుస్తుంది.
",0
925,"ఓ రోబో పాత్రల్లో రజనీ నటన ఆకట్టుకుంటుంది.
",0
926,"మూడు పాత్రల్లో భిన్నంగా రజనీ చేసిన అద్భుతం అభిమానులకు కన్నులపండువగా ఉంటుంది.
",0
927,"ఓగా రజనీ మేనరిజమ్స్‌కు థియేటర్‌లో విజిల్స్‌ పడతాయి.
",0
928,"ఈ వయసులో రజనీ చూపించిన డెడికేషన్‌ తెర మీద కనిపిస్తుంది.
",0
929,"యాక్షన్స్‌ సీన్స్‌లోనూ రజనీ సూపర్బ్ అనిపించారు.
",0
930,"ఇక అక్షయ్‌కుమార్‌ నటన ఈ సినిమాకు ప్రత్యేకంగా నిలుస్తుంది.
",0
931,"పక్షిరాజాలా అక్షయ్‌ నటన అందరినీ ఆశ్చర్యపరుస్తుంది.
",0
932,"ఓ సాధారణ ప్రోఫెసర్‌ సమాజాన్ని పక్షి జాతిని కాపాడేందుకు పడే వేదనను ఆయన అద్భుతంగా పలికించారు.
",0
933,"భారీ ప్రోస్తటిక్‌ మేకప్‌లోనూ అద్భుతమైన నటనతో ఆకట్టకున్నారు.
",0
934,"అంత భారీ సూట్‌, మేకప్‌ తో నటించిన అక్షయ్‌ కష్టం సినిమాకు చాలా పస్ల్‌ అయ్యింది.
",0
935,"అక్షయ్‌ నటనలోని మరోకోణాన్ని శంకర్‌ అద్భుతంగా ఆవిష్కరించాడు.
",0
936,"రోబో వెన్నెలగా అమీ జాక్సన్‌  తన పరిధి మేరకు ఆకట్టుకునే ప్రయత్నం చేసింది.
",0
937,"యాక్షన్‌ సీన్స్‌లోనూ అలరిం‍చింది.
",0
938,"ఇతర పాత్రల్లో సుధాన్షు పాండే, ఆదిల్‌ హుస్సేన్‌, కళాభవన్‌ షాజోన్‌లు తమ పాత్రల్లో ఒదిగిపోయారు.
",0
939,"శంకర్‌ తన సినిమాను సామాజిక సమస్యలు, సందేశాత్మక అంశాలను జోడించి తెరకెక్కిస్తాడన్న సంగతి అందరికీ తెలిసిందే.
",0
940,"ఇప్పటివరకూ శంకర్‌ తీసిన సినిమాలను చూస్తే ఆ విషయం అర్థమవుతుంది.
",0
941,"అయితే ఈ సినిమాకు కూడా సామాజిక కోణంలోంచే కథను ఎంచుకుని దానికి అధునాతన సాంకేతికతను జోడించిన తీరు బాగుంది.
",0
942,"సెల్‌ఫోన్లకు మనుషులు ఏవిధంగా బానిసవుతున్నారో? దానివల్ల ఎలాంటి పరిణామాలు చోటుచేసుకుంటున్నాయో అన్న అంశాలను భారీగా తెరకెక్కించారు.
",0
943,"విజువల్‌ వండర్‌గా తెరకెక్కిన ఈ సినిమా సినీ ప్రేమికులను మరో ప్రపంచంలోకి తీసుకెళ్తుంది.
",0
944,"సినిమాలో ఎక్కువగా సైన్స్‌ అండ్‌ టెక్నాలజీకి సంబంధించిన పదాలు వాడటంతో అవి సామాన్య ప్రేక్షకులకు అర్థం కావటం కాస్త కష్టమే.
",0
945,"తొలి భాగం  అంతా సెల్‌ఫోన్స్‌ మాయం కావటం, అందుకు కారణాలను తెలుసుకునేందుకు ప్రభుత్వం, వసీకరణ్ చేసే ప్రయత్నాలతో సరిపెట్టేసిన దర్శకుడు అసలు కథ, మలుపులను ద్వితీయార్థంలోనే చూపించాడు.
",0
946,"ఆ నలుగురు, అందరి బంధువయా లాంటి హార్ట్‌ టచింగ్‌ సినిమాలను తెరకెక్కించిన చంద్ర సిద్ధార్థ దర్శకత్వంలో కన్నడలో ఘనవిజయం సాదించిన రామ రామరే సినిమాకు రీమేక్‌ తెరకెక్కిన తాజా చిత్రం ఆటగదరా శివ.
",0
947,"ఈ సినిమాలో కన్నడ నటుడు దొడ్డన్న, ఉదయ్‌ శంకర్‌, జబర్దస్త్‌ ఫేం హైపర్‌ ఆదిలు కీలక పాత్రల్లో నటించారు.
",0
948,"దాదాపు మూడేళ్ల విరామం తరువాత చంద్ర సిద్ధార్థ్‌ దర్శకత్వంలో తెరకెక్కిన సినిమా కావటంతో ఆటగదరా శివపై ఆసక్తి నెలకొంది.
",0
949,"మరి ఆ అంచనాలను ఈ సినిమా అందుకుందా.
",0
950,"ఛలో సినిమాతో సక్సెస్‌ అందుకున్న యువహీరో నాగశౌర్య ఈ సారి కుటుంబ నేపథ్యంలో ఒక మంచి ఫ్యామిలీ ఎంటర్టెనర్ ‘అమ్మమ్మగారిల్లు’తో ప్రేక్షకుల ముందుకు వచ్చాడు.
",0
951,"2009లో వచ్చిన ‘ఓయ్’ తర్వాత చాలా గ్యాప్ తీసుకున్న హీరోయిన్ షామిలీ ఈ సినిమా ద్వారా తెలుగులో హీరోయిన్‌గారీ ఎంట్రీ ఇచ్చింది.
",0
952,"వేసవి సెలవుల్లో అందరూ అమ్మమ్మ గారింటికి వెళ్తారు.
",0
953,"అయితే నాగశౌర్య ఈ వేసవిలో ‘అమ్మమ్మ గారిల్లు’కు వచ్చేలా చేశాడో లేదో తెలుసుకుందాం.
",0
954,"రంగారావు (చలపతి), సీతా మహాలక్ష్మి (సుమిత్ర) గారిది పిఠాపురంలో ఓ పెద్ద కుటుంబం.
",0
955,"వీరికి ఐదుగురు సంతానం.
",0
956,"ముగ్గురు కొడుకులు, ఇద్దరు కూతుళ్లు.
",0
957,"పెద్ద కొడుకు (రావు రమేశ్‌) తండ్రిని ఆస్తి పంచమని అడుగుతూ ఉంటాడు.
",0
958,"ఆస్తి కంటే అనుబంధాలు గొప్పవి, ఆస్తిని విడగొడితే అందరూ దూరమవుతారని కొడుక్కు నచ్చజెపుతాడు తండ్రి.
",0
959,"కానీ బాబురావు(రావు రమేశ్‌) వినడు.
",0
960,"అలా ఓసారి  జరిగిన గొడవలో ఆ ఇంటి పెద్దల్లుడు (సుమన్‌)ను చేయిజేసుకుంటాడు బాబురావు.
",0
961,"ఆ అవమానంతో సుమన్‌ తన మామగారి కుటుంబానికి దూరంగా ఉంటారు.
",0
962,"అల్లుడు గారికి జరిగిన అవమానం, కొడుకు ఆస్తి కోసం చేసే అల్లరితో చలపతి చనిపోతాడు.
",0
963,"కొడుకులు, కూతుళ్లు అందరూ సీతామహాలక్ష్మిని ఒంటరిగా వదిలేసి వెళ్లిపోతారు.
",0
964,"చిన్నప్పటి నుంచి సుమన్‌ కొడుకు సంతోష్‌ (నాగశౌర్య)కు మాత్రం అమ్మమ్మ అంటే చాలా ఇష్టం.
",0
965,"అయితే ఈ గొడవలన్నింటికి కారణమైన ఆస్తిని ఎవరు పంచారు? ఎప్పుడు పంచారు? తిరిగి వీరంతా ఎలా కలుసుకుంటారు? వీటన్నింటికి హీరో చేసిన పనులేంటి అనేదే కథ.
",0
966,"ఎప్పటిలాగే నాగశౌర్య అందంగా కనిపించాడు.
",0
967,"నిజంగా ఇంట్లో మనవడిలా అనిపిస్తాడు.
",0
968,"అమ్మమ్మ బాధల్ని తీర్చే మంచి మనవడిగా, కుటుంబాన్ని కలిపే పెద్దమనిషిగా నటిస్తూ మెప్పించాడు.
",0
969,"షామిలీ ఓయ్‌ సినిమాతో హీరోయిన్‌గా ఎంట్రీ ఇచ్చినా… మళ్లీ ఇన్నేళ్ల తరువాత ఈ సినిమాతో రీ ఎంట్రీ ఇచ్చారు.
",0
970,"తన పాత్ర మేరకు ఉన్నంతలో అందంగానూ కనిపించారు.
",0
971,"ప్రేక్షకులకు నచ్చేలాను నటించారు.
",0
972,"రావు రమేశ్‌ నటనకు పేరు పెట్టలేం.
",0
973,"మళ్లీ తన విశ్వరూపాన్ని చూపించారు.
",0
974,"నాగశౌర్య తరువాత ఈ సినిమాలో ప్రధానంగా చెప్పుకోవాల్సింది రావు రమేశ్‌ పాత్ర గురించే.
",0
975,"ఇలాంటి పాత్రల్లో నటించడం ఆయనకు కొత్తేంకాదు.
",0
976,"అమ్మమ్మగా చేసిన సుమిత్ర కంటతడి పెట్టించారు.
",0
977,"మిగతా పాత్రల్లో శివాజీ రాజా, హేమ, షకలక శంకర్‌, సుధా, సుమన్‌ అందరూ తమ పరిధి మేరకు నటించారు.
",0
978,"అమ్మమ్మ గారిల్లు అని టైటిల్‌ చూసిన ప్రతి ఒక్కరికి కథేంటో అర్థమైపోతుంది.
",0
979,"అయితే ఇలా అందరూ ఊహించే కథే అయినా.
",0
980,"సరిగా ప్రజెంట్‌ చేస్తే ప్రేక్షకులు ఆదరిస్తారు అని నమ్మిన దర్శక నిర్మాతల గురించి మొదట చెప్పుకోవాలి.
",0
981,"కొన్ని పదునైన మాటలతో మనసును తాకేలా చేశారు డైరెక్టర్‌ సుందర్‌ సూర్య.
",0
982,"తులం బంగారం కాదు గుణం బంగారం కావాలి లాంటి మంచి మాటలు సినిమాలో బాగానే ఉన్నాయి.
",0
983,"బరువైన బంధాలను అంతే బరువైన సంభాషణలతో నడిపించాడు.
",0
984,"కథలో ఏ మాత్రం కొత్తదనం కనపడకపోయినా… కథకు ఇచ్చిన ట్రీట్‌మెంట్‌ వర్కౌట్‌ అయ్యేలా ఉంది.
",0
985,"సెకండాఫ్‌లో ‘లాక్‌ ది ఏజ్‌’ అనే ఎపిసోడ్‌ కాసేపు నవ్వించి, కాసేపు ఏడిపించేసింది.
",0
986,"ఆ ఎపిసోడ్‌ సినిమాకు కలిసొచ్చే అంశమే.
",0
987,"ఈ విషయాల్లో డైరక్టర్‌ సక్సెస్‌ సాధించారు.
",0
988,"తరువాతి అంశంగా సంగీతం గురించి చెప్పుకోవాలి.
",0
989,"హీరోకు, హీరోయిన్‌కు అనవసరమైన ఇంట్రడక్షన్‌ సాంగ్స్‌ పెట్టకుండా.
",0
990,"ఉన్న రెండు మూడు పాటలు కూడా అలా కథతో పాటు వచ్చి వెళ్తాయి.
",0
991,"రసూల్‌ అందించిన సినిమాటోగ్రఫీలో హీరో హీరోయిన్లు అందంగా కనిపించారు.
",0
992,"ఎడిటింగ్‌ కూడా బాగానే ఉంది.
",0
993,"నాలుగు ఫైట్లు, ఐదు పాటలు, ఆరు మాస్‌ డైలాగ్‌లు లాంటి సినిమా కాదిది.
",0
994,"ఈ బిజీ లైఫ్‌లో మనం ఏం కోల్పోతున్నామో తెలుసుకోవాలంటే.
",0
995,"చూడాల్సిన సినిమా.
",0
996,"అయితే రెగ్యులర్‌ మాస్‌ సినిమాలను ఇష్టపడే ప్రేక్షకులు ఈ సినిమాను ఎలా రిసీవ్‌ చేసుకుంటారో చూడాలి.
",0
997,"ఇప్పటికే విలక్షణ పాత్రలో మెప్పించిన మంచు లక్ష్మీ తాజాగా W/O రామ్‌ సినిమాతో మరోసారి ప్రేక్షకుల ముందుకు వచ్చారు.
",0
998,"తెలుగు తెర మీద అరుదుగా కనిపించే క్రైం ఇన్వెస్టిగేషన్‌ థ్రిల్లర్‌ జానర్‌లో తెరకెక్కిన ఈ సినిమాతో విజయ్‌ ఎలకంటి దర్శకుడిగా పరిచయం అయ్యాడు.
",0
999,"టీజర్‌, ట్రైలర్‌లతోనే ఇంట్రస్ట్ క్రియేట్‌ చేసిన W/O రామ్‌ ప్రేక్షకులను ఏమేరకు ఆకట్టుకుంది.
",0
1000,"? నటిగా మంచు లక్ష్మీ మరోసారి ఆకట్టుకున్నారా.
",0
1001,"పాతికేళ్ల క్రితం ఈవీవీ సత్యనారాయణ తీసిన ఎవర్ గ్రీన్ కామెడీ హిట్ టైటిల్ ని పెట్టుకుని ఓ మోస్తరు అంచనాలతో విడుదలైన  జంబలకిడిపంబ ఈ రోజు ప్రేక్షకుల తీర్పు కోసం వచ్చేసింది.
",0
1002,"ట్రైలర్ ని బట్టి దాని రీమేక్ ఏమో అన్న అనుమానాలు కలిగినా లైన్ మాత్రం అందులోది తీసుకుని పూర్తిగా కొత్త కథతో దీన్ని అల్లుకున్నారు.
",0
1003,"జెబి మురళీకృష్ణ దర్శకత్వం వహించిన  ఈ మూవీలో శ్రీనివాసరెడ్డి హీరోగా, సిద్ది ఇద్నాని హీరోయిన్ గా చేసింది.
",0
1004,"ముందు స్టోరీ ఏంటో చూద్దాం.
",0
1005,"వరుణ్‌ (శ్రీనివాస్‌ రెడ్డి), పల్లవి (సిద్ధి ఇద్నాని) ప్రేమించి పెళ్లి చేసుకున్న జంట.
",0
1006,"పెళ్లి తరువాత మనస్పర్థల కారణంగా ఇద్దరి మధ్య దూరం పెరుగుతుంది.
",0
1007,"ఇక కలిసి జీవించలేం అని నిర్ణయించుకున్న వరుణ్‌, పల్లవిలు విడాకుల తీసుకోవాలని నిర్ణయించుకుంటారు.
",0
1008,"99 జంటలకు విడాకులు ఇప్పించిన ఫేమస్‌ లాయర్‌ హరిశ్చంద్ర ప్రసాద్‌ (పోసాని కృష్ణమురళీ) వీరికి విడాకులు ఇప్పించి వంద మందికి విడాకులు ఇప్పించిన లాయర్‌ గా గిన్నిస్‌ రికార్డ్ సాధించాలనుకుంటాడు.
",0
1009,"కానీ వరుణ్‌, పల్లవికి విడాకులు రాకముందే హరిశ్చంద్ర ప్రసాద్‌ ఓ యాక్సిడెంట్‌లో భార్యతో సహా చనిపోతాడు.
",0
1010,"చేసిన పాపల కారణంగా ఆత్మగా మారిన హరిశ్చంద్ర ప్రసాద్ భార్యకు దూరమవుతాడు.
",0
1011,"తిరిగి తన భార్యను కలుసుకోవాలంటే వరుణ్‌, పల్లవిలను ఒక్కటి చేయమని దేవుడు(సుమన్‌) కండిషన్ పెడతాడు.
",0
1012,"దీంతో తిరిగి భూలోకంలోకి వచ్చిన హరిశ్చంద్రప్రసాద్‌ ఏం చేశాడు.
",0
1013,"? వరుణ్‌ శరీరంలోకి పల్లవి ఆత్మను, పల్లవి శరీరంలోకి వరుణ్‌ ఆత్మని ఎందుకు మార్చాల్సి వచ్చింది.
",0
1014,"? చివరకు వరుణ్‌, పల్లవిలు ఒక్కటయ్యారా  లేదా.
",0
1015,"? అన్నదే మిగతా కథ.
",0
1016,"కమెడియన్‌గా మంచి ఇమేజ్‌ ఉన్న శ్రీనివాస్‌ రెడ్డి హీరోగానూ తన ఇమేజ్‌కు తగ్గ కథలను మాత్రమే ఎంచుకుంటూ వస్తున్నాడు.
",0
1017,"జంబ లకిడి పంబ సినిమాలోనూ అదే ఫార్ములాను కంటిన్యూ చేశాడు.
",0
1018,"కొన్ని సీన్స్‌ లో లవర్ భాయ్‌లా కనిపించే ప్రయత్నం చేసినా పెద్దగా వర్క్‌ అవుట్ కాలేదు.
",0
1019,"కామెడీ పరంగా మాత్రం తనదైన స్టైల్‌లో ఆకట్టుకున్నాడు.
",0
1020,"హీరోయిన్‌గా పరిచయం అయిన సిద్ధి ఇద్నాని మంచి నటన కనబరించారు.
",0
1021,"చాలా సీన్స్‌ లో శ్రీనివాస్‌ రెడ్డిని డామినేట్‌ చేశారు.
",0
1022,"ముఖ్యంగా వరుణ్ ఆత్మ తనలోకి వచ్చిన తరువాత వచ్చే సీన్స్‌ లో చాలా ఈజ్‌తో నటించి ఆకట్టుకున్నారు.
",0
1023,"సినిమాలో మరో కీలక పాత్రలో పోసాని కృష్ణమురళి.
",0
1024,"తనకు అలవాటైన పాత్రలో పోసాని మరోసారి మంచి నటన కనబరిచారు.
",0
1025,"ఇతర నటీనటులకు పెద్దగా చెప్పుకోదగ్గ పాత్రలు దక్కలేదు.
",0
1026,"జంబ లకిడి పంబ లాంటి ఈవీవీ గారి క్లాసిక్ కి దరిదాపులోకి కూడా వెళ్లలేకపోయింది ఈ సినిమా.
",0
1027,"ఆడ మగ తారుమారు కావడం అనే పాయింట్ మీద బోలెడు కామెడీకి అవకాశం ఉన్నా దర్శకుడు దాన్ని అర్థం లేని కథనంతో పూర్తిగా వృధా చేసుకున్నాడు.
",0
1028,"ముఖ్యంగా ఫస్ట్‌ హాఫ్‌లో హీరో హీరోయిన్ల మధ్య జరిగే గొడవలు ఏ మాత్రం ఆసక్తికరంగా లేకుండా టీవీ సీరియల్‌ సాగటం ప్రేక్షకులను విసిగిస్తుంది.
",0
1029,"కామెడీ సినిమా అనుకొని థియేటర్లకు వచ్చిన ప్రేక్షకులకు హర్రర్‌ కామెడీ, ఎమోషనల్‌ డ్రామాలను చూపించటం కూడా కాస్త ఇబ్బంది పెడుతుంది.
",0
1030,"హీరో హీరోయిన్ల శరీరాలు మారిన తరువాత కూడా కథనం ఆసక్తికరంగా సాగలేదు.
",0
1031,"సెకండ్‌హాఫ్‌ లో మరింతగా కామెడీ పండించే అవకాశాలు ఉన్నా.
",0
1032,"దర్శకుడు ఎక్కువగా ఎమోషనల్ డ్రామాగా మీద దృష్టి పెట్టడం, కామెడీ ఆశించే ప్రేక్షకులకు నిరాశకలిగిస్తుంది.
",0
1033,"జంబ లకిడి పంబ లాంటి టైటిల్‌ ను ఎంచుకున్న దర్శకుడు ఆ స్థాయిలో నవ్వు తెప్పించే సన్నివేశాలు రాసుకోవటంలో విఫలమయ్యారు.
",0
1034,"గోపి సుందర్ సంగీతం పరవాలేదనిపిస్తుంది.
",0
1035,"సినిమాటోగ్రఫి బాగుంది.
",0
1036,"ఎడిటింగ్‌ విషయంలో ఇంకాస్త దృష్టి పెట్టాల్సింది.
",0
1037,"అనవసర సన్నివేశాలకు కత్తెర వేస్తే సినిమా కాస్త ఆసక్తికరంగా ఉండేది.
",0
1038,"నిర్మాణ విలువలు బాగున్నాయి.
",0
1039,"ప్లస్‌ పాయింట్స్‌  -టైటిల్ ,కొన్ని కామెడీ సీన్స్‌.
",0
1040,"మైనస్‌ పాయింట్స్‌ -బలమైన కథ లేకపోవట ,ఆశించిన స్థాయిలో కామెడీ పండకపోవట ,నెమ్మదిగా సాగే కథనం.
",0
